StartDate,EndDate,Status,Progress,Duration (in seconds),Finished,RecordedDate,ResponseId,RecipientLastName,LocationLatitude,LocationLongitude,DistributionChannel,Consent,SOP_1,SOP_2,SOP_3,SOP_4,SOP_5,SOP_6,GAD_1,GAD_2,GAD_3,GAD_4,GAD_5,GAD_6,GAD_7,Gender,Study_area
22/05/2019 22:44,22/05/2019 22:44,1,100,2,1,22/05/2019 22:44,R_3FJ7DZwuamG7cmr,,-36.8506012,174.7679138,preview,2,,,,,,,,,,,,,,,
22/05/2019 22:46,22/05/2019 22:46,0,100,0,1,22/05/2019 22:46,R_cHetyfqJdOQ0Rlr,,-36.8506012,174.7679138,test,2,,,,,,,,,,,,,,,
22/05/2019 22:46,22/05/2019 22:46,0,100,0,1,22/05/2019 22:46,R_0VAlyCN4roCse1f,,-36.8506012,174.7679138,test,1,1,2,5,1,2,1,4,1,2,1,3,3,4,1,5
22/05/2019 22:46,22/05/2019 22:46,0,100,0,1,22/05/2019 22:46,R_6ng9FWaskerk75z,,-36.8506012,174.7679138,test,1,5,4,5,1,4,1,1,1,2,1,1,4,1,2,5
22/05/2019 22:46,22/05/2019 22:46,0,100,0,1,22/05/2019 22:46,R_9U0LchMSU0R0BZr,,-36.8506012,174.7679138,test,2,,,,,,,,,,,,,,,
22/05/2019 22:46,22/05/2019 22:46,0,100,0,1,22/05/2019 22:46,R_e8NGdY23Wm9iYLP,,-36.8506012,174.7679138,test,1,2,3,5,2,2,1,4,1,3,3,1,4,4,2,5
22/05/2019 22:46,22/05/2019 22:46,0,100,0,1,22/05/2019 22:46,R_3wJBvIFhgiGFiVn,,-36.8506012,174.7679138,test,1,2,3,5,1,3,1,4,1,4,2,1,4,1,1,5
22/05/2019 22:46,22/05/2019 22:46,0,100,0,1,22/05/2019 22:46,R_9YnsntkAGw2ShiR,,-36.8506012,174.7679138,test,2,,,,,,,,,,,,,,,
22/05/2019 22:46,22/05/2019 22:46,0,100,0,1,22/05/2019 22:46,R_5hgV5ogsvKBLw1L,,-36.8506012,174.7679138,test,1,3,3,4,4,2,1,4,1,3,4,4,2,4,2,4
22/05/2019 22:46,22/05/2019 22:46,0,100,0,1,22/05/2019 22:46,R_82oJfxiZ6zdrvnv,,-36.8506012,174.7679138,test,1,2,1,1,5,1,1,4,3,4,3,3,3,2,1,1
22/05/2019 22:46,22/05/2019 22:46,8,100,0,1,22/05/2019 22:46,R_5524MzdGBK3Cgx7,,-36.8506012,174.7679138,test,1,1,5,2,2,4,1,3,3,4,1,4,3,1,,2
22/05/2019 22:46,22/05/2019 22:46,0,100,0,1,22/05/2019 22:46,R_9MIE0wt4ld3yfUV,,-36.8506012,174.7679138,test,2,,,,,,,,,,,,,,,
22/05/2019 22:46,22/05/2019 22:46,0,100,0,1,22/05/2019 22:46,R_eCFiAO87YNxzHEh,,-36.8506012,174.7679138,test,1,1,4,1,5,1,1,2,3,2,3,1,2,1,2,1
22/05/2019 22:46,22/05/2019 22:46,0,100,0,1,22/05/2019 22:46,R_aWpDkeoaxvHJIH3,,-36.8506012,174.7679138,test,1,4,5,2,1,4,1,4,4,3,2,4,4,4,2,2
22/05/2019 22:46,22/05/2019 22:46,0,100,0,1,22/05/2019 22:46,R_3af2xkDViZcpdC5,,-36.8506012,174.7679138,test,1,3,3,5,4,1,1,1,3,2,1,2,4,4,1,5
22/05/2019 22:46,22/05/2019 22:46,0,100,0,1,22/05/2019 22:46,R_b4q72Fkynnyrm9n,,-36.8506012,174.7679138,test,2,,,,,,,,,,,,,,,
22/05/2019 22:46,22/05/2019 22:46,0,100,0,1,22/05/2019 22:46,R_3wubcKcCy4oZAYl,,-36.8506012,174.7679138,test,2,,,,,,,,,,,,,,,
22/05/2019 22:46,22/05/2019 22:46,0,100,0,1,22/05/2019 22:46,R_0j2wTc5FBYeyiih,,-36.8506012,174.7679138,test,2,,,,,,,,,,,,,,,
22/05/2019 22:46,22/05/2019 22:46,0,100,0,1,22/05/2019 22:46,R_56E4cBac1q530Y5,,-36.8506012,174.7679138,test,1,2,5,5,5,4,1,4,3,1,1,4,4,1,1,5
22/05/2019 22:46,22/05/2019 22:46,0,100,0,1,22/05/2019 22:46,R_77En9C2CC5yQH2Z,,-36.8506012,174.7679138,test,2,,,,,,,,,,,,,,,
22/05/2019 22:46,22/05/2019 22:46,0,100,0,1,22/05/2019 22:46,R_6fCb63eoqJKQAgR,,-36.8506012,174.7679138,test,1,1,4,5,4,1,1,1,1,1,2,3,1,4,3,5
22/05/2019 22:46,22/05/2019 22:46,0,100,0,1,22/05/2019 22:46,R_a3OKVTTxunIDAY5,,-36.8506012,174.7679138,test,1,4,4,3,2,2,1,1,1,3,1,3,1,2,2,3
22/05/2019 22:46,22/05/2019 22:46,0,100,0,1,22/05/2019 22:46,R_4U4XKDlmx2QTLHn,,-36.8506012,174.7679138,test,1,1,3,2,5,2,1,3,3,2,2,2,3,3,2,2
22/05/2019 22:46,22/05/2019 22:46,0,100,0,1,22/05/2019 22:46,R_3RdYzpvkKs8VUln,,-36.8506012,174.7679138,test,1,2,3,5,3,4,1,,,,,,,,3,5
22/05/2019 22:46,22/05/2019 22:46,0,100,0,1,22/05/2019 22:46,R_9GFVSOzTDNyHcUt,,-36.8506012,174.7679138,test,1,4,1,2,1,4,1,3,4,2,2,3,1,3,3,2
22/05/2019 22:46,22/05/2019 22:46,0,100,0,1,22/05/2019 22:46,R_1YOYob7ivNY1cpL,,-36.8506012,174.7679138,test,1,2,4,5,3,1,1,2,2,4,4,4,1,1,1,5
22/05/2019 22:46,22/05/2019 22:46,0,100,0,1,22/05/2019 22:46,R_1A3ktW15JhQ49Rb,,-36.8506012,174.7679138,test,1,3,5,3,5,1,1,4,2,1,3,2,1,1,1,3
22/05/2019 22:46,22/05/2019 22:46,0,100,0,1,22/05/2019 22:46,R_eQCsffncy3OQUlL,,-36.8506012,174.7679138,test,2,,,,,,,,,,,,,,,
22/05/2019 22:46,22/05/2019 22:46,0,100,0,1,22/05/2019 22:46,R_0Hby4BP2a5iUXeR,,-36.8506012,174.7679138,test,1,5,3,1,2,3,1,1,2,4,2,2,3,1,2,1
22/05/2019 22:46,22/05/2019 22:46,0,100,0,1,22/05/2019 22:46,R_esxkfE0Myc2BQB7,,-36.8506012,174.7679138,test,1,5,4,4,3,2,1,1,2,1,1,3,1,4,2,4
22/05/2019 22:46,22/05/2019 22:46,0,100,0,1,22/05/2019 22:46,R_bHIg7ojQCptrY21,,-36.8506012,174.7679138,test,1,4,2,5,2,2,1,4,3,3,2,3,3,1,2,5
22/05/2019 22:46,22/05/2019 22:46,0,100,0,1,22/05/2019 22:46,R_9BQdTTodf8rbYlD,,-36.8506012,174.7679138,test,2,,,,,,,,,,,,,,,
22/05/2019 22:46,22/05/2019 22:46,0,100,0,1,22/05/2019 22:46,R_cAzDtUOuwyOeJeZ,,-36.8506012,174.7679138,test,2,,,,,,,,,,,,,,,
22/05/2019 22:46,22/05/2019 22:46,0,100,0,1,22/05/2019 22:46,R_9WAtHpMcgt52QdL,,-36.8506012,174.7679138,test,1,5,4,3,3,5,1,3,2,4,4,4,1,2,3,3
22/05/2019 22:46,22/05/2019 22:46,0,100,0,1,22/05/2019 22:46,R_enUOGqPMXEgSvdj,,-36.8506012,174.7679138,test,1,3,4,5,1,1,1,4,2,4,2,4,1,2,1,5
22/05/2019 22:46,22/05/2019 22:46,0,100,0,1,22/05/2019 22:46,R_3UdUqXlieNwxLE1,,-36.8506012,174.7679138,test,1,1,4,3,3,5,1,4,4,1,2,1,4,2,1,3
22/05/2019 22:46,22/05/2019 22:46,0,100,0,1,22/05/2019 22:46,R_79AMFYv0ZEQVVlj,,-36.8506012,174.7679138,test,1,5,1,4,4,4,1,3,3,3,3,4,1,1,2,4
22/05/2019 22:46,22/05/2019 22:46,0,100,0,1,22/05/2019 22:46,R_9t96KtAgx31xPBr,,-36.8506012,174.7679138,test,2,,,,,,,,,,,,,,,
22/05/2019 22:46,22/05/2019 22:46,0,100,0,1,22/05/2019 22:46,R_er1J1INBy7swOBD,,-36.8506012,174.7679138,test,1,1,4,3,4,1,1,1,1,4,2,2,1,1,1,3
22/05/2019 22:46,22/05/2019 22:46,0,100,0,1,22/05/2019 22:46,R_6GqRNvEkBBQRxFr,,-36.8506012,174.7679138,test,1,5,5,1,5,5,1,2,3,1,1,4,2,2,2,1
22/05/2019 22:46,22/05/2019 22:46,0,100,0,1,22/05/2019 22:46,R_domZ7HkN0Zi8XFH,,-36.8506012,174.7679138,test,2,,,,,,,,,,,,,,,
22/05/2019 22:46,22/05/2019 22:46,0,100,0,1,22/05/2019 22:46,R_7ZMkRBUYI6xIySV,,-36.8506012,174.7679138,test,2,,,,,,,,,,,,,,,
22/05/2019 22:46,22/05/2019 22:46,0,100,0,1,22/05/2019 22:46,R_00ccBHXFhNABNyd,,-36.8506012,174.7679138,test,1,4,3,4,5,5,1,4,4,3,3,2,1,3,3,4
22/05/2019 22:46,22/05/2019 22:46,0,100,0,1,22/05/2019 22:46,R_6MtI15o41nDgn8F,,-36.8506012,174.7679138,test,1,4,3,2,3,4,1,1,3,2,4,1,4,3,2,2
22/05/2019 22:46,22/05/2019 22:46,0,100,0,1,22/05/2019 22:46,R_5neMB5VpdEQJzeZ,,-36.8506012,174.7679138,test,2,,,,,,,,,,,,,,,
22/05/2019 22:46,22/05/2019 22:46,0,100,0,1,22/05/2019 22:46,R_41RqTv7Y42kFJ1r,,-36.8506012,174.7679138,test,1,4,4,2,2,5,1,1,4,2,4,4,4,1,3,2
22/05/2019 22:46,22/05/2019 22:46,0,100,0,1,22/05/2019 22:46,R_8kpZJXdaoKmrlM9,,-36.8506012,174.7679138,test,2,,,,,,,,,,,,,,,
22/05/2019 22:46,22/05/2019 22:46,0,100,0,1,22/05/2019 22:46,R_6hC8Urxzt7BCX7D,,-36.8506012,174.7679138,test,2,,,,,,,,,,,,,,,
22/05/2019 22:46,22/05/2019 22:46,0,100,0,1,22/05/2019 22:46,R_2mCzvNeOKDoJMSV,,-36.8506012,174.7679138,test,2,,,,,,,,,,,,,,,
22/05/2019 22:46,22/05/2019 22:46,0,100,1,1,22/05/2019 22:46,R_cN2wJ9Hok19pWKh,,-36.8506012,174.7679138,test,1,2,4,1,3,5,1,3,2,4,4,1,4,2,2,1
22/05/2019 22:46,22/05/2019 22:46,0,100,0,1,22/05/2019 22:46,R_9QPrtCLwksMkvXv,,-36.8506012,174.7679138,test,2,,,,,,,,,,,,,,,
22/05/2019 22:46,22/05/2019 22:46,0,100,0,1,22/05/2019 22:46,R_8IJVqXnZhP05HVj,,-36.8506012,174.7679138,test,2,,,,,,,,,,,,,,,
22/05/2019 22:46,22/05/2019 22:46,0,100,0,1,22/05/2019 22:46,R_eJxtXtcexq01LW5,,-36.8506012,174.7679138,test,1,5,1,1,1,2,1,1,2,1,4,1,4,3,2,1
22/05/2019 22:46,22/05/2019 22:46,0,100,0,1,22/05/2019 22:46,R_09bXnaytPA00f7n,,-36.8506012,174.7679138,test,1,5,4,4,3,2,1,4,3,1,2,4,4,1,1,4
22/05/2019 22:46,22/05/2019 22:46,0,100,0,1,22/05/2019 22:46,R_3mAu2sPgzBk7gm9,,-36.8506012,174.7679138,test,2,,,,,,,,,,,,,,,
22/05/2019 22:46,22/05/2019 22:46,0,100,0,1,22/05/2019 22:46,R_3eNrfEVyYkVHdwp,,-36.8506012,174.7679138,test,1,4,1,1,3,5,1,1,2,2,2,3,1,4,3,1
22/05/2019 22:46,22/05/2019 22:46,0,100,0,1,22/05/2019 22:46,R_bqNDz0N4Gt3rZiZ,,-36.8506012,174.7679138,test,2,,,,,,,,,,,,,,,
22/05/2019 22:46,22/05/2019 22:46,0,100,0,1,22/05/2019 22:46,R_cFT7ZQy3agfsj1H,,-36.8506012,174.7679138,test,2,,,,,,,,,,,,,,,
22/05/2019 22:46,22/05/2019 22:46,0,100,0,1,22/05/2019 22:46,R_51JkZ3bk575LdOZ,,-36.8506012,174.7679138,test,2,,,,,,,,,,,,,,,
22/05/2019 22:46,22/05/2019 22:46,0,100,0,1,22/05/2019 22:46,R_25Yct8ZW0HvW8ol,,-36.8506012,174.7679138,test,2,,,,,,,,,,,,,,,
22/05/2019 22:46,22/05/2019 22:46,0,100,0,1,22/05/2019 22:46,R_cBFYiZtIDWSihtH,,-36.8506012,174.7679138,test,1,2,1,1,1,4,1,4,3,2,1,1,1,4,2,1
22/05/2019 22:46,22/05/2019 22:46,0,100,0,1,22/05/2019 22:46,R_8pQise4yOq8GPLD,,-36.8506012,174.7679138,test,2,,,,,,,,,,,,,,,
22/05/2019 22:46,22/05/2019 22:46,0,100,0,1,22/05/2019 22:46,R_1ZzBdKo9OSxIzdz,,-36.8506012,174.7679138,test,2,,,,,,,,,,,,,,,
22/05/2019 22:46,22/05/2019 22:46,0,100,0,1,22/05/2019 22:46,R_e8Jfxhz2OBao7op,,-36.8506012,174.7679138,test,1,2,2,1,5,4,1,1,4,1,1,2,4,1,3,1
22/05/2019 22:46,22/05/2019 22:46,0,100,0,1,22/05/2019 22:46,R_9Abd2lk5M2MjSSN,,-36.8506012,174.7679138,test,2,,,,,,,,,,,,,,,
22/05/2019 22:46,22/05/2019 22:46,0,100,1,1,22/05/2019 22:46,R_1L0jR0laeESup1P,,-36.8506012,174.7679138,test,1,3,5,5,4,5,1,3,4,4,3,2,1,4,3,5
22/05/2019 22:46,22/05/2019 22:46,0,100,0,1,22/05/2019 22:46,R_809QauFACCkfoAB,,-36.8506012,174.7679138,test,1,3,1,3,1,2,1,3,1,4,4,2,2,2,1,3
22/05/2019 22:46,22/05/2019 22:46,0,100,0,1,22/05/2019 22:46,R_3CplvMatNGp4E97,,-36.8506012,174.7679138,test,1,3,5,1,4,4,1,2,4,3,4,4,2,4,1,1
22/05/2019 22:46,22/05/2019 22:46,0,100,0,1,22/05/2019 22:46,R_3BOizYUehRY4tkV,,-36.8506012,174.7679138,test,2,,,,,,,,,,,,,,,
22/05/2019 22:46,22/05/2019 22:46,0,100,0,1,22/05/2019 22:46,R_cGVi1obimCmX4e9,,-36.8506012,174.7679138,test,1,4,5,5,3,4,1,3,4,3,4,3,2,4,1,5
22/05/2019 22:46,22/05/2019 22:46,0,100,0,1,22/05/2019 22:46,R_cC3Tw17GJvaQepv,,-36.8506012,174.7679138,test,2,,,,,,,,,,,,,,,
22/05/2019 22:46,22/05/2019 22:46,0,100,0,1,22/05/2019 22:46,R_1Fblhf1ug9JJelL,,-36.8506012,174.7679138,test,1,4,5,3,3,3,1,2,4,4,1,2,2,2,2,3
22/05/2019 22:46,22/05/2019 22:46,0,100,0,1,22/05/2019 22:46,R_6sz7FnNXMcX6NmJ,,-36.8506012,174.7679138,test,1,1,5,3,2,3,1,4,4,3,1,4,3,1,1,3
22/05/2019 22:46,22/05/2019 22:46,0,100,0,1,22/05/2019 22:46,R_9ylq842CVH6hO5f,,-36.8506012,174.7679138,test,1,4,2,3,2,3,1,2,4,4,1,2,4,3,3,3
22/05/2019 22:46,22/05/2019 22:46,0,100,0,1,22/05/2019 22:46,R_08IklYvGiCZZh3v,,-36.8506012,174.7679138,test,1,2,5,4,5,2,1,2,3,1,2,3,3,2,1,4
22/05/2019 22:46,22/05/2019 22:46,0,100,0,1,22/05/2019 22:46,R_4ORBfiJG1nJ4kGV,,-36.8506012,174.7679138,test,1,2,5,3,4,3,1,2,2,2,4,3,4,4,1,3
22/05/2019 22:46,22/05/2019 22:46,0,100,0,1,22/05/2019 22:46,R_6sQTY3SrOUiOgAZ,,-36.8506012,174.7679138,test,1,3,4,4,5,1,1,4,4,1,2,4,1,3,3,4
22/05/2019 22:46,22/05/2019 22:46,0,100,0,1,22/05/2019 22:46,R_eRPhl6pkY9c4IPX,,-36.8506012,174.7679138,test,2,,,,,,,,,,,,,,,
22/05/2019 22:46,22/05/2019 22:46,0,100,0,1,22/05/2019 22:46,R_74h8q7yWGM898wJ,,-36.8506012,174.7679138,test,2,,,,,,,,,,,,,,,
22/05/2019 22:46,22/05/2019 22:46,0,100,0,1,22/05/2019 22:46,R_0ibPUnuxNo7wTQx,,-36.8506012,174.7679138,test,2,,,,,,,,,,,,,,,
22/05/2019 22:46,22/05/2019 22:46,0,100,0,1,22/05/2019 22:46,R_4UdLu3JqILyoKvb,,-36.8506012,174.7679138,test,1,3,5,4,4,5,1,3,4,1,4,1,1,1,1,4
22/05/2019 22:46,22/05/2019 22:46,0,100,0,1,22/05/2019 22:46,R_0DSnmbshYmwmZnL,,-36.8506012,174.7679138,test,2,,,,,,,,,,,,,,,
22/05/2019 22:46,22/05/2019 22:46,0,100,0,1,22/05/2019 22:46,R_bq5HiPbLKFHzd4x,,-36.8506012,174.7679138,test,1,2,3,4,4,4,1,1,1,4,2,4,1,2,3,4
22/05/2019 22:46,22/05/2019 22:46,0,100,0,1,22/05/2019 22:46,R_5halmdowyE3y00B,,-36.8506012,174.7679138,test,1,1,1,1,4,4,1,1,4,3,1,2,2,1,2,1
22/05/2019 22:46,22/05/2019 22:46,0,100,0,1,22/05/2019 22:46,R_56KNZOEQXdUTFC5,,-36.8506012,174.7679138,test,1,4,1,4,1,3,1,3,4,4,1,1,4,2,3,4
22/05/2019 22:46,22/05/2019 22:46,0,100,0,1,22/05/2019 22:46,R_cBVe69P1WnJeyMt,,-36.8506012,174.7679138,test,1,1,3,3,2,2,1,1,2,3,2,2,3,2,3,3
22/05/2019 22:46,22/05/2019 22:46,0,100,0,1,22/05/2019 22:46,R_8oCwJYQqCh9c3tz,,-36.8506012,174.7679138,test,1,1,1,1,5,2,1,4,3,3,4,4,4,3,1,1
22/05/2019 22:46,22/05/2019 22:46,0,100,0,1,22/05/2019 22:46,R_cUP20UnpKCiw9WR,,-36.8506012,174.7679138,test,2,,,,,,,,,,,,,,,
22/05/2019 22:46,22/05/2019 22:46,0,100,0,1,22/05/2019 22:46,R_9AjWISRMGq1Iu5D,,-36.8506012,174.7679138,test,1,5,1,5,1,5,1,3,3,1,2,1,4,2,3,5
22/05/2019 22:46,22/05/2019 22:46,0,100,0,1,22/05/2019 22:46,R_9QVnTPfkyYbPNJ3,,-36.8506012,174.7679138,test,2,,,,,,,,,,,,,,,
22/05/2019 22:46,22/05/2019 22:46,0,100,0,1,22/05/2019 22:46,R_9taLifKpzThuMHr,,-36.8506012,174.7679138,test,1,5,2,4,3,3,1,1,2,1,3,2,2,3,2,4
22/05/2019 22:46,22/05/2019 22:46,0,100,0,1,22/05/2019 22:46,R_9yGXgn4XRVCsfTn,,-36.8506012,174.7679138,test,2,,,,,,,,,,,,,,,
22/05/2019 22:46,22/05/2019 22:46,0,100,0,1,22/05/2019 22:46,R_56E98un6g7blHc9,,-36.8506012,174.7679138,test,1,3,3,3,1,1,1,4,1,1,3,1,4,1,3,3
22/05/2019 22:46,22/05/2019 22:46,0,100,0,1,22/05/2019 22:46,R_0VTPVFaNqCZ2H8F,,-36.8506012,174.7679138,test,1,4,3,1,1,2,1,1,3,1,3,1,3,4,1,1
22/05/2019 22:46,22/05/2019 22:46,0,100,0,1,22/05/2019 22:46,R_0v0bbYsXIODvFCR,,-36.8506012,174.7679138,test,1,2,5,4,4,5,1,2,3,1,4,2,1,4,1,4
22/05/2019 22:46,22/05/2019 22:46,0,100,0,1,22/05/2019 22:46,R_e4jy2cQuzlT9GbH,,-36.8506012,174.7679138,test,2,,,,,,,,,,,,,,,
22/05/2019 22:46,22/05/2019 22:46,0,100,0,1,22/05/2019 22:46,R_06U4TbCmedxcyMd,,-36.8506012,174.7679138,test,1,5,2,5,1,1,1,2,1,2,4,3,2,4,1,5
22/05/2019 22:46,22/05/2019 22:46,0,100,0,1,22/05/2019 22:46,R_1FaAoiyFBh0Ib9H,,-36.8506012,174.7679138,test,2,,,,,,,,,,,,,,,
22/05/2019 22:46,22/05/2019 22:46,0,100,0,1,22/05/2019 22:46,R_9KnQTlaMCscssPr,,-36.8506012,174.7679138,test,2,,,,,,,,,,,,,,,
22/05/2019 22:46,22/05/2019 22:46,0,100,0,1,22/05/2019 22:46,R_1Fglse4muZXBk0d,,-36.8506012,174.7679138,test,1,2,4,2,4,2,1,3,2,4,2,1,4,4,2,2
22/05/2019 22:46,22/05/2019 22:46,0,100,0,1,22/05/2019 22:46,R_2fYQlTzaaOkh5vT,,-36.8506012,174.7679138,test,2,,,,,,,,,,,,,,,
22/05/2019 22:46,22/05/2019 22:46,0,100,0,1,22/05/2019 22:46,R_0PrGiEhwTz9oGEZ,,-36.8506012,174.7679138,test,2,,,,,,,,,,,,,,,
22/05/2019 22:46,22/05/2019 22:46,0,100,0,1,22/05/2019 22:46,R_eFq9RGI3NtHjMMJ,,-36.8506012,174.7679138,test,1,2,5,1,5,1,5,1,2,2,4,3,2,4,1,1
22/05/2019 22:46,22/05/2019 22:46,0,100,0,1,22/05/2019 22:46,R_ePCuHERFU6KNshv,,-36.8506012,174.7679138,test,1,4,3,1,,4,1,1,1,2,3,1,2,1,3,1
22/05/2019 22:46,22/05/2019 22:46,0,100,1,1,22/05/2019 22:46,R_8nOkCthXnbpaLg9,,-36.8506012,174.7679138,test,1,1,2,4,1,4,1,3,1,2,3,2,1,3,1,4
22/05/2019 22:46,22/05/2019 22:46,0,100,0,1,22/05/2019 22:46,R_8HXfszS1arqIa7b,,-36.8506012,174.7679138,test,2,,,,,,,,,,,,,,,
22/05/2019 22:46,22/05/2019 22:46,0,100,0,1,22/05/2019 22:46,R_aWAlPo2wcOvbvwN,,-36.8506012,174.7679138,test,1,5,1,4,1,2,1,4,4,4,3,2,3,4,2,4
22/05/2019 22:46,22/05/2019 22:46,0,100,0,1,22/05/2019 22:46,R_3t60awNNpIfhN9H,,-36.8506012,174.7679138,test,1,4,4,1,2,4,1,1,3,4,1,1,4,3,1,1
22/05/2019 22:46,22/05/2019 22:46,0,100,0,1,22/05/2019 22:46,R_9KWHTFbTy00g0lL,,-36.8506012,174.7679138,test,2,,,,,,,,,,,,,,,
22/05/2019 22:46,22/05/2019 22:46,0,100,0,1,22/05/2019 22:46,R_1S4pSHKeq7pgmA5,,-36.8506012,174.7679138,test,1,4,4,4,5,3,1,3,4,1,2,4,2,1,1,4
22/05/2019 22:46,22/05/2019 22:46,0,100,0,1,22/05/2019 22:46,R_3W4RzQLGLKIQB8x,,-36.8506012,174.7679138,test,1,4,1,4,5,3,1,2,3,4,4,1,3,4,2,4
22/05/2019 22:46,22/05/2019 22:46,0,100,0,1,22/05/2019 22:46,R_80OOt62fnHlQ7cN,,-36.8506012,174.7679138,test,2,,,,,,,,,,,,,,,
22/05/2019 22:46,22/05/2019 22:46,0,100,0,1,22/05/2019 22:46,R_cMBW4KMaTrfkI1D,,-36.8506012,174.7679138,test,1,2,3,3,3,2,1,1,4,3,3,1,4,1,1,3
22/05/2019 22:46,22/05/2019 22:46,0,100,0,1,22/05/2019 22:46,R_8dzbe8TGhzdiWMt,,-36.8506012,174.7679138,test,1,2,3,1,5,4,1,4,2,1,2,1,1,4,2,1
22/05/2019 22:46,22/05/2019 22:46,0,100,0,1,22/05/2019 22:46,R_269OGD7mVwlA60Z,,-36.8506012,174.7679138,test,1,1,1,3,4,1,1,1,1,1,2,3,4,2,2,3
22/05/2019 22:46,22/05/2019 22:46,0,100,0,1,22/05/2019 22:46,R_bejkhaKgMVCRP9P,,-36.8506012,174.7679138,test,2,,,,,,,,,,,,,,,
22/05/2019 22:46,22/05/2019 22:46,0,100,0,1,22/05/2019 22:46,R_835pMSYBtz2kj6B,,-36.8506012,174.7679138,test,1,5,1,4,4,4,5,1,1,1,3,4,3,2,1,4
22/05/2019 22:46,22/05/2019 22:46,0,100,0,1,22/05/2019 22:46,R_5tB3VWpvDzC9Q8d,,-36.8506012,174.7679138,test,1,1,3,1,5,2,5,4,1,3,4,3,4,4,2,1
22/05/2019 22:46,22/05/2019 22:46,0,100,0,1,22/05/2019 22:46,R_6YiD7dHBOJ7cfgV,,-36.8506012,174.7679138,test,1,4,2,2,4,1,1,1,2,1,3,1,3,1,3,2
22/05/2019 22:46,22/05/2019 22:46,0,100,0,1,22/05/2019 22:46,R_aaTGFwnDPzNRsoZ,,-36.8506012,174.7679138,test,2,,,,,,,,,,,,,,,
22/05/2019 22:46,22/05/2019 22:46,0,100,0,1,22/05/2019 22:46,R_6Lp6Sqxh55lWHad,,-36.8506012,174.7679138,test,2,,,,,,,,,,,,,,,
22/05/2019 22:46,22/05/2019 22:46,0,100,0,1,22/05/2019 22:46,R_5vH3Pr0xNmMGx2l,,-36.8506012,174.7679138,test,2,,,,,,,,,,,,,,,
22/05/2019 22:46,22/05/2019 22:46,0,100,0,1,22/05/2019 22:46,R_eaF10gUdO9paopT,,-36.8506012,174.7679138,test,2,,,,,,,,,,,,,,,
22/05/2019 22:46,22/05/2019 22:46,0,100,0,1,22/05/2019 22:46,R_0CzJxOWynFVy829,,-36.8506012,174.7679138,test,1,1,5,5,3,4,1,4,4,4,2,3,3,2,1,5
22/05/2019 22:46,22/05/2019 22:46,0,100,0,1,22/05/2019 22:46,R_1GLja6vGeIamYN7,,-36.8506012,174.7679138,test,1,3,5,3,4,5,5,1,4,3,4,4,1,2,1,3
22/05/2019 22:46,22/05/2019 22:46,0,100,0,1,22/05/2019 22:46,R_eb2BMpnLra7a9XT,,-36.8506012,174.7679138,test,1,4,1,4,2,2,1,4,3,1,3,3,4,2,3,4
22/05/2019 22:46,22/05/2019 22:46,0,100,0,1,22/05/2019 22:46,R_ePeakiFAi29XJgV,,-36.8506012,174.7679138,test,2,,,,,,,,,,,,,,,
22/05/2019 22:46,22/05/2019 22:46,0,100,1,1,22/05/2019 22:46,R_5hvDXzN4VvaeN5X,,-36.8506012,174.7679138,test,1,5,1,5,3,4,1,3,4,2,3,4,1,2,1,5
22/05/2019 22:46,22/05/2019 22:46,0,100,0,1,22/05/2019 22:46,R_5AdKsDzqlPYHW6x,,-36.8506012,174.7679138,test,2,,,,,,,,,,,,,,,
22/05/2019 22:46,22/05/2019 22:46,0,100,0,1,22/05/2019 22:46,R_doIPpdFkDPjwb4h,,-36.8506012,174.7679138,test,1,3,1,4,5,1,5,3,4,1,1,4,3,1,1,4
22/05/2019 22:46,22/05/2019 22:46,0,100,0,1,22/05/2019 22:46,R_0eoTFGuQS7cpLTv,,-36.8506012,174.7679138,test,1,2,5,2,4,3,1,1,2,4,3,1,3,2,1,2
22/05/2019 22:46,22/05/2019 22:46,0,100,0,1,22/05/2019 22:46,R_cRS5fqOZOLCUcMR,,-36.8506012,174.7679138,test,1,3,2,4,1,2,1,1,4,4,2,4,3,1,2,4
22/05/2019 22:46,22/05/2019 22:46,0,100,0,1,22/05/2019 22:46,R_bKoTrg4azh24Ka1,,-36.8506012,174.7679138,test,1,5,5,1,5,1,1,3,1,2,3,3,2,2,2,1
22/05/2019 22:46,22/05/2019 22:46,0,100,0,1,22/05/2019 22:46,R_cTspmhO3mzpug17,,-36.8506012,174.7679138,test,2,,,,,,,,,,,,,,,
22/05/2019 22:46,22/05/2019 22:46,0,100,0,1,22/05/2019 22:46,R_37wDy7PuKHCFrlb,,-36.8506012,174.7679138,test,2,,,,,,,,,,,,,,,
22/05/2019 22:46,22/05/2019 22:46,0,100,0,1,22/05/2019 22:46,R_3z5Pxn7w0UYXlat,,-36.8506012,174.7679138,test,1,2,4,5,4,2,1,1,1,1,1,3,3,3,1,5
22/05/2019 22:46,22/05/2019 22:46,0,100,0,1,22/05/2019 22:46,R_56jifX8L9yj4MPr,,-36.8506012,174.7679138,test,2,,,,,,,,,,,,,,,
22/05/2019 22:46,22/05/2019 22:46,0,100,0,1,22/05/2019 22:46,R_a9svnm601sQLCHX,,-36.8506012,174.7679138,test,1,1,2,4,4,5,1,3,3,4,1,3,4,1,3,4
22/05/2019 22:46,22/05/2019 22:46,0,100,0,1,22/05/2019 22:46,R_5AQaATrrO2wqrqt,,-36.8506012,174.7679138,test,1,4,5,3,4,2,1,2,4,1,4,3,3,1,1,3
22/05/2019 22:46,22/05/2019 22:46,0,100,0,1,22/05/2019 22:46,R_3dVnJXrz31HOam9,,-36.8506012,174.7679138,test,2,,,,,,,,,,,,,,,
22/05/2019 22:46,22/05/2019 22:46,0,100,0,1,22/05/2019 22:46,R_3gzDr82HcjWO5XT,,-36.8506012,174.7679138,test,1,3,5,4,1,5,1,3,2,3,1,2,1,3,3,4
22/05/2019 22:46,22/05/2019 22:46,0,100,0,1,22/05/2019 22:46,R_9WtfzS8M4XdHkP3,,-36.8506012,174.7679138,test,2,,,,,,,,,,,,,,,
22/05/2019 22:46,22/05/2019 22:46,0,100,0,1,22/05/2019 22:46,R_0uNajGDrLMHAhb7,,-36.8506012,174.7679138,test,1,1,5,3,2,4,1,2,3,2,4,3,2,2,3,3
22/05/2019 22:46,22/05/2019 22:46,0,100,0,1,22/05/2019 22:46,R_dbfaL0BqOb6D9yt,,-36.8506012,174.7679138,test,1,2,2,3,2,2,1,2,3,2,4,4,4,3,2,3
22/05/2019 22:46,22/05/2019 22:46,0,100,0,1,22/05/2019 22:46,R_by2a3DRBJ1d0Y5L,,-36.8506012,174.7679138,test,1,4,2,2,2,2,1,2,4,1,2,1,4,3,3,2
22/05/2019 22:46,22/05/2019 22:46,0,100,0,1,22/05/2019 22:46,R_cIonQpXEgi9XWCN,,-36.8506012,174.7679138,test,2,,,,,,,,,,,,,,,
22/05/2019 22:46,22/05/2019 22:46,0,100,0,1,22/05/2019 22:46,R_9SjlVMaEMUFTdrL,,-36.8506012,174.7679138,test,2,,,,,,,,,,,,,,,
22/05/2019 22:46,22/05/2019 22:46,0,100,0,1,22/05/2019 22:46,R_7Wo7FhSI6lnDnKJ,,-36.8506012,174.7679138,test,1,5,3,5,2,2,1,4,4,2,1,2,1,3,2,5
22/05/2019 22:46,22/05/2019 22:46,0,100,0,1,22/05/2019 22:46,R_ezKdH0y5uPp28qV,,-36.8506012,174.7679138,test,2,,,,,,,,,,,,,,,
22/05/2019 22:46,22/05/2019 22:46,0,100,0,1,22/05/2019 22:46,R_eakwfs5nmC2B9e5,,-36.8506012,174.7679138,test,1,3,2,1,1,1,1,2,4,4,2,4,4,2,2,1
22/05/2019 22:46,22/05/2019 22:46,0,100,0,1,22/05/2019 22:46,R_02EdwXM9kGN6VjD,,-36.8506012,174.7679138,test,2,,,,,,,,,,,,,,,
22/05/2019 22:46,22/05/2019 22:46,0,100,0,1,22/05/2019 22:46,R_cFKb8YtlMyEVExL,,-36.8506012,174.7679138,test,1,1,3,4,5,1,1,4,3,3,4,4,3,2,2,4
22/05/2019 22:46,22/05/2019 22:46,0,100,0,1,22/05/2019 22:46,R_8ji0I2pFjgtft77,,-36.8506012,174.7679138,test,2,,,,,,,,,,,,,,,
22/05/2019 22:46,22/05/2019 22:46,0,100,0,1,22/05/2019 22:46,R_1XpXVqSPs64rNMV,,-36.8506012,174.7679138,test,2,,,,,,,,,,,,,,,
22/05/2019 22:46,22/05/2019 22:46,0,100,0,1,22/05/2019 22:46,R_7UrVsHH1QkZdZ5P,,-36.8506012,174.7679138,test,1,4,2,3,5,4,1,3,4,2,1,3,2,4,1,3
22/05/2019 22:46,22/05/2019 22:46,0,100,0,1,22/05/2019 22:46,R_eQWykvWGYyrLGBL,,-36.8506012,174.7679138,test,2,,,,,,,,,,,,,,,
22/05/2019 22:46,22/05/2019 22:46,0,100,0,1,22/05/2019 22:46,R_3gdG17yAq199Xlr,,-36.8506012,174.7679138,test,1,4,2,4,1,2,1,2,3,4,2,3,4,4,2,4
22/05/2019 22:46,22/05/2019 22:46,0,100,0,1,22/05/2019 22:46,R_29pJt7aIlop0w1T,,-36.8506012,174.7679138,test,2,,,,,,,,,,,,,,,
22/05/2019 22:46,22/05/2019 22:46,0,100,0,1,22/05/2019 22:46,R_54nb2Et8V2N8szb,,-36.8506012,174.7679138,test,2,,,,,,,,,,,,,,,
22/05/2019 22:46,22/05/2019 22:46,0,100,0,1,22/05/2019 22:46,R_b7AI5p2jxFAJc4B,,-36.8506012,174.7679138,test,1,2,4,3,5,5,1,3,2,3,4,2,4,1,3,3
22/05/2019 22:46,22/05/2019 22:46,0,100,0,1,22/05/2019 22:46,R_37sBnvFKXqyDR6l,,-36.8506012,174.7679138,test,1,4,5,3,5,1,1,1,1,1,2,3,3,3,2,3
22/05/2019 22:46,22/05/2019 22:46,0,100,0,1,22/05/2019 22:46,R_9Qq5DneFCGuVZgp,,-36.8506012,174.7679138,test,2,,,,,,,,,,,,,,,
22/05/2019 22:46,22/05/2019 22:46,0,100,0,1,22/05/2019 22:46,R_0caswSsBHLzYjs1,,-36.8506012,174.7679138,test,1,5,3,5,2,4,1,4,3,1,2,4,2,3,3,5
22/05/2019 22:46,22/05/2019 22:46,0,100,0,1,22/05/2019 22:46,R_7NzYlfGk9NFwwYd,,-36.8506012,174.7679138,test,2,,,,,,,,,,,,,,,
22/05/2019 22:46,22/05/2019 22:46,0,100,0,1,22/05/2019 22:46,R_235ra8exbUYKacB,,-36.8506012,174.7679138,test,1,5,4,1,3,4,1,2,2,2,2,1,4,4,2,1
22/05/2019 22:46,22/05/2019 22:46,0,100,0,1,22/05/2019 22:46,R_bg7UmThw7Yp9GYd,,-36.8506012,174.7679138,test,1,3,1,5,2,1,1,2,3,4,3,3,3,3,1,5
22/05/2019 22:46,22/05/2019 22:46,0,100,0,1,22/05/2019 22:46,R_9mow9Djyl1UeaH3,,-36.8506012,174.7679138,test,1,1,2,1,4,5,1,2,,1,2,3,4,4,3,1
22/05/2019 22:46,22/05/2019 22:46,0,100,0,1,22/05/2019 22:46,R_0U04mhEQeSM9p3L,,-36.8506012,174.7679138,test,1,2,1,1,2,4,1,1,3,3,2,2,4,1,2,1
22/05/2019 22:46,22/05/2019 22:46,0,100,0,1,22/05/2019 22:46,R_escQ673JrqLi7dz,,-36.8506012,174.7679138,test,2,,,,,,,,,,,,,,,
22/05/2019 22:46,22/05/2019 22:46,0,100,0,1,22/05/2019 22:46,R_czEPcb00RGL0rPf,,-36.8506012,174.7679138,test,1,5,5,2,2,3,1,4,3,1,4,3,4,1,2,2
22/05/2019 22:46,22/05/2019 22:46,0,100,0,1,22/05/2019 22:46,R_cHG2pOSjGHIHcHz,,-36.8506012,174.7679138,test,1,1,2,5,3,5,1,3,2,1,1,3,4,1,3,5
22/05/2019 22:46,22/05/2019 22:46,0,100,0,1,22/05/2019 22:46,R_3CrLidRxTeqZ5XL,,-36.8506012,174.7679138,test,2,,,,,,,,,,,,,,,
22/05/2019 22:46,22/05/2019 22:46,0,100,0,1,22/05/2019 22:46,R_dgp2fe9GQvLfFqZ,,-36.8506012,174.7679138,test,2,,,,,,,,,,,,,,,
22/05/2019 22:46,22/05/2019 22:46,0,100,0,1,22/05/2019 22:46,R_1Xj2beqVX9XCEHr,,-36.8506012,174.7679138,test,1,1,1,5,4,2,1,1,2,1,3,1,2,2,1,5
22/05/2019 22:46,22/05/2019 22:46,0,100,0,1,22/05/2019 22:46,R_3xt5gZeZ5za0hz7,,-36.8506012,174.7679138,test,1,5,4,4,1,1,1,1,2,4,2,2,3,3,3,4
22/05/2019 22:46,22/05/2019 22:46,0,100,0,1,22/05/2019 22:46,R_5tJQN2uwHsCQTc1,,-36.8506012,174.7679138,test,1,2,3,3,4,1,1,3,2,2,2,1,1,2,2,3
22/05/2019 22:46,22/05/2019 22:46,0,100,0,1,22/05/2019 22:46,R_3t7KGRLjjLu0k97,,-36.8506012,174.7679138,test,2,,,,,,,,,,,,,,,
22/05/2019 22:46,22/05/2019 22:46,0,100,0,1,22/05/2019 22:46,R_cA7UL0IYAi51qhT,,-36.8506012,174.7679138,test,2,,,,,,,,,,,,,,,
22/05/2019 22:46,22/05/2019 22:46,0,100,0,1,22/05/2019 22:46,R_d74RAifH2bZmJlX,,-36.8506012,174.7679138,test,1,1,3,5,1,5,1,3,4,3,1,3,3,4,3,5
22/05/2019 22:46,22/05/2019 22:46,0,100,0,1,22/05/2019 22:46,R_0W0ywGivC4djiw5,,-36.8506012,174.7679138,test,2,,,,,,,,,,,,,,,
22/05/2019 22:46,22/05/2019 22:46,0,100,0,1,22/05/2019 22:46,R_7QauHK8N9CYX5MF,,-36.8506012,174.7679138,test,2,,,,,,,,,,,,,,,
22/05/2019 22:46,22/05/2019 22:46,0,100,0,1,22/05/2019 22:46,R_d3UOXmyhRqUIojH,,-36.8506012,174.7679138,test,2,,,,,,,,,,,,,,,
22/05/2019 22:46,22/05/2019 22:46,0,100,0,1,22/05/2019 22:46,R_3jxQa3lwySneS0J,,-36.8506012,174.7679138,test,1,5,5,3,2,1,5,4,1,1,4,2,3,4,3,3
22/05/2019 22:46,22/05/2019 22:46,0,100,0,1,22/05/2019 22:46,R_9XfVrJWeMLTr1kN,,-36.8506012,174.7679138,test,2,,,,,,,,,,,,,,,
22/05/2019 22:46,22/05/2019 22:46,0,100,0,1,22/05/2019 22:46,R_3TY0BEMn7m8U95H,,-36.8506012,174.7679138,test,2,,,,,,,,,,,,,,,
22/05/2019 22:46,22/05/2019 22:46,0,100,0,1,22/05/2019 22:46,R_1ANJwv8RbLdCypL,,-36.8506012,174.7679138,test,2,,,,,,,,,,,,,,,
22/05/2019 22:46,22/05/2019 22:46,0,100,0,1,22/05/2019 22:46,R_3CqTMv1VRoB3kqN,,-36.8506012,174.7679138,test,1,4,3,3,2,3,1,4,3,2,1,3,4,3,2,3
22/05/2019 22:46,22/05/2019 22:46,0,100,0,1,22/05/2019 22:46,R_3K9FCr87vbF8Hop,,-36.8506012,174.7679138,test,2,,,,,,,,,,,,,,,
22/05/2019 22:46,22/05/2019 22:46,0,100,0,1,22/05/2019 22:46,R_cJhlFN8qVx6pRlz,,-36.8506012,174.7679138,test,1,4,2,4,1,1,5,2,2,3,4,3,3,2,1,4
22/05/2019 22:46,22/05/2019 22:46,0,100,0,1,22/05/2019 22:46,R_1Xha3QhJJ4bXMRn,,-36.8506012,174.7679138,test,2,,,,,,,,,,,,,,,
22/05/2019 22:46,22/05/2019 22:46,0,100,0,1,22/05/2019 22:46,R_7OQJr6fzh5JHSOV,,-36.8506012,174.7679138,test,2,,,,,,,,,,,,,,,
22/05/2019 22:46,22/05/2019 22:46,0,100,0,1,22/05/2019 22:46,R_ehP5su6OVp20TQh,,-36.8506012,174.7679138,test,1,5,4,4,2,4,1,3,1,1,3,4,4,4,2,4
22/05/2019 22:46,22/05/2019 22:46,0,100,0,1,22/05/2019 22:46,R_ebOWyvlVONLeZCZ,,-36.8506012,174.7679138,test,1,5,1,4,3,2,1,3,2,4,4,1,1,3,1,4
22/05/2019 22:46,22/05/2019 22:46,0,100,0,1,22/05/2019 22:46,R_dgl15ljGWdU3Pff,,-36.8506012,174.7679138,test,1,2,3,3,1,2,1,4,2,2,3,1,1,4,1,3
22/05/2019 22:46,22/05/2019 22:46,0,100,0,1,22/05/2019 22:46,R_5cMAZ1cDetdlXdH,,-36.8506012,174.7679138,test,2,,,,,,,,,,,,,,,
22/05/2019 22:46,22/05/2019 22:46,0,100,0,1,22/05/2019 22:46,R_1YrEfduyg7RMOxf,,-36.8506012,174.7679138,test,1,5,2,1,4,3,1,2,3,3,1,4,4,4,2,1
22/05/2019 22:46,22/05/2019 22:46,0,100,0,1,22/05/2019 22:46,R_cutTdgydpkFwcnP,,-36.8506012,174.7679138,test,1,3,3,5,3,1,1,3,3,4,4,2,3,3,1,5
22/05/2019 22:46,22/05/2019 22:46,0,100,0,1,22/05/2019 22:46,R_cMepVtUoIlvbdrf,,-36.8506012,174.7679138,test,2,,,,,,,,,,,,,,,
22/05/2019 22:46,22/05/2019 22:46,0,100,0,1,22/05/2019 22:46,R_1Hct6IRQ2p0YmVv,,-36.8506012,174.7679138,test,1,5,3,5,5,1,1,1,2,2,2,2,1,4,1,5
22/05/2019 22:46,22/05/2019 22:46,0,100,0,1,22/05/2019 22:46,R_eRT1rwIm4fuPlFr,,-36.8506012,174.7679138,test,2,,,,,,,,,,,,,,,
22/05/2019 22:46,22/05/2019 22:46,0,100,0,1,22/05/2019 22:46,R_b3H9E9c9FeuF4BD,,-36.8506012,174.7679138,test,1,5,2,4,2,3,1,3,4,1,2,3,4,3,2,4
22/05/2019 22:46,22/05/2019 22:46,0,100,0,1,22/05/2019 22:46,R_4IT0DK5tTDfyb1r,,-36.8506012,174.7679138,test,1,2,2,1,1,5,1,1,2,1,4,4,3,1,1,1
22/05/2019 22:46,22/05/2019 22:46,0,100,0,1,22/05/2019 22:46,R_1TjKkwOeg18CfCB,,-36.8506012,174.7679138,test,2,,,,,,,,,,,,,,,
22/05/2019 22:46,22/05/2019 22:46,0,100,0,1,22/05/2019 22:46,R_bje7o65beo1eRlX,,-36.8506012,174.7679138,test,2,,,,,,,,,,,,,,,
22/05/2019 22:46,22/05/2019 22:46,0,100,0,1,22/05/2019 22:46,R_etDKtzw9QhnmS3j,,-36.8506012,174.7679138,test,2,,,,,,,,,,,,,,,
22/05/2019 22:46,22/05/2019 22:46,0,100,0,1,22/05/2019 22:46,R_9KWTRqstjCw90iN,,-36.8506012,174.7679138,test,1,1,2,1,3,3,1,4,3,3,4,2,3,4,2,1
22/05/2019 22:46,22/05/2019 22:46,0,100,0,1,22/05/2019 22:46,R_8w4Cul14pH9j1kh,,-36.8506012,174.7679138,test,1,1,4,1,1,3,1,1,1,3,2,2,1,1,2,1
22/05/2019 22:46,22/05/2019 22:46,0,100,0,1,22/05/2019 22:46,R_6J9qFZY7gRdRRAN,,-36.8506012,174.7679138,test,2,,,,,,,,,,,,,,,
22/05/2019 22:46,22/05/2019 22:46,0,100,0,1,22/05/2019 22:46,R_8bIUTxN5rWrp9fn,,-36.8506012,174.7679138,test,2,,,,,,,,,,,,,,,
22/05/2019 22:46,22/05/2019 22:46,0,100,0,1,22/05/2019 22:46,R_7O6kLD9GupWbAeF,,-36.8506012,174.7679138,test,2,,,,,,,,,,,,,,,
22/05/2019 22:46,22/05/2019 22:46,0,100,0,1,22/05/2019 22:46,R_0IIKLfQyRZ0fMsl,,-36.8506012,174.7679138,test,2,,,,,,,,,,,,,,,
22/05/2019 22:46,22/05/2019 22:46,0,100,0,1,22/05/2019 22:46,R_erkqe0rnFofAEeN,,-36.8506012,174.7679138,test,1,2,5,1,3,5,1,4,2,4,1,2,1,3,3,1
22/05/2019 22:46,22/05/2019 22:46,0,100,0,1,22/05/2019 22:46,R_1HAsOfghB3JTexn,,-36.8506012,174.7679138,test,2,,,,,,,,,,,,,,,
22/05/2019 22:46,22/05/2019 22:46,0,100,0,1,22/05/2019 22:46,R_719yXytqnYZfkfX,,-36.8506012,174.7679138,test,1,4,2,1,3,3,1,3,3,4,1,4,3,1,1,1
22/05/2019 22:46,22/05/2019 22:46,0,100,0,1,22/05/2019 22:46,R_bPZzirxLaEHqgnj,,-36.8506012,174.7679138,test,1,3,5,3,2,1,1,2,1,1,3,4,4,4,2,3
22/05/2019 22:46,22/05/2019 22:46,0,100,0,1,22/05/2019 22:46,R_0jhTs75flaYnRuB,,-36.8506012,174.7679138,test,1,2,2,3,2,1,1,2,2,1,1,3,1,1,1,3
22/05/2019 22:46,22/05/2019 22:46,0,100,0,1,22/05/2019 22:46,R_cSxm0zG50xAPzpz,,-36.8506012,174.7679138,test,2,,,,,,,,,,,,,,,
22/05/2019 22:46,22/05/2019 22:46,0,100,0,1,22/05/2019 22:46,R_2fOvff3WesOjW1n,,-36.8506012,174.7679138,test,1,3,5,1,2,3,1,1,4,3,3,3,1,4,1,1
22/05/2019 22:46,22/05/2019 22:46,0,100,0,1,22/05/2019 22:46,R_6fYRyNsGI8YkrKl,,-36.8506012,174.7679138,test,1,2,5,3,1,2,1,3,4,1,1,1,3,2,3,3
22/05/2019 22:46,22/05/2019 22:46,0,100,0,1,22/05/2019 22:46,R_bPnbhbAsfOQZnLL,,-36.8506012,174.7679138,test,2,,,,,,,,,,,,,,,
22/05/2019 22:46,22/05/2019 22:46,0,100,0,1,22/05/2019 22:46,R_bDv6ty1OgZEJk8d,,-36.8506012,174.7679138,test,2,,,,,,,,,,,,,,,
22/05/2019 22:46,22/05/2019 22:46,0,100,0,1,22/05/2019 22:46,R_cIwAxGgcseo5ujr,,-36.8506012,174.7679138,test,2,,,,,,,,,,,,,,,
22/05/2019 22:46,22/05/2019 22:46,0,100,0,1,22/05/2019 22:46,R_ewGYzq10MqUTxYN,,-36.8506012,174.7679138,test,1,4,1,5,3,1,1,3,1,2,1,3,1,4,2,5
22/05/2019 22:46,22/05/2019 22:46,0,100,0,1,22/05/2019 22:46,R_3qGJ20meiq44Wep,,-36.8506012,174.7679138,test,1,2,4,,3,1,1,1,3,3,1,4,4,4,2,
22/05/2019 22:46,22/05/2019 22:46,0,100,0,1,22/05/2019 22:46,R_djnEenwdaDMKviZ,,-36.8506012,174.7679138,test,1,3,3,5,2,2,1,4,4,2,4,4,1,3,2,5
22/05/2019 22:46,22/05/2019 22:46,0,100,0,1,22/05/2019 22:46,R_3q82GkTHry01dQ1,,-36.8506012,174.7679138,test,2,,,,,,,,,,,,,,,
22/05/2019 22:46,22/05/2019 22:46,0,100,0,1,22/05/2019 22:46,R_8tTdEEVkMrCi657,,-36.8506012,174.7679138,test,2,,,,,,,,,,,,,,,
22/05/2019 22:46,22/05/2019 22:46,0,100,0,1,22/05/2019 22:46,R_2shozW0voSOf5hH,,-36.8506012,174.7679138,test,2,,,,,,,,,,,,,,,
22/05/2019 22:46,22/05/2019 22:46,0,100,0,1,22/05/2019 22:46,R_cASD7mNROLLHUG1,,-36.8506012,174.7679138,test,2,,,,,,,,,,,,,,,
22/05/2019 22:46,22/05/2019 22:46,0,100,0,1,22/05/2019 22:46,R_d12aIrlr2ULa0K1,,-36.8506012,174.7679138,test,2,,,,,,,,,,,,,,,
22/05/2019 22:46,22/05/2019 22:46,0,100,0,1,22/05/2019 22:46,R_38YWUOgGky2aSqh,,-36.8506012,174.7679138,test,2,,,,,,,,,,,,,,,
22/05/2019 22:46,22/05/2019 22:46,0,100,0,1,22/05/2019 22:46,R_4G7JLs8JORf1hOt,,-36.8506012,174.7679138,test,2,,,,,,,,,,,,,,,
22/05/2019 22:46,22/05/2019 22:46,0,100,0,1,22/05/2019 22:46,R_5ovHHVaabPh9iT3,,-36.8506012,174.7679138,test,2,,,,,,,,,,,,,,,
22/05/2019 22:46,22/05/2019 22:46,0,100,0,1,22/05/2019 22:46,R_cZ3RQXWRZV6DWp7,,-36.8506012,174.7679138,test,2,,,,,,,,,,,,,,,
22/05/2019 22:46,22/05/2019 22:46,0,100,0,1,22/05/2019 22:46,R_5cdEtW6Eekj3F8p,,-36.8506012,174.7679138,test,1,5,1,2,4,5,1,4,1,3,4,2,2,3,3,2
22/05/2019 22:46,22/05/2019 22:46,0,100,0,1,22/05/2019 22:46,R_eSb8wDpSQA2M1zD,,-36.8506012,174.7679138,test,2,,,,,,,,,,,,,,,
22/05/2019 22:46,22/05/2019 22:46,0,100,0,1,22/05/2019 22:46,R_a2DbtpR0XVh6AQt,,-36.8506012,174.7679138,test,1,2,3,4,1,3,1,2,1,1,1,2,3,1,3,4
22/05/2019 22:46,22/05/2019 22:46,0,100,0,1,22/05/2019 22:46,R_b15vKGkVeReLsDr,,-36.8506012,174.7679138,test,1,5,3,1,1,4,1,3,3,3,3,1,1,1,1,1
22/05/2019 22:46,22/05/2019 22:46,0,100,0,1,22/05/2019 22:46,R_eLO0G7sv6ISc7Od,,-36.8506012,174.7679138,test,1,4,1,4,2,4,1,3,1,3,1,1,4,1,1,4
22/05/2019 22:46,22/05/2019 22:46,0,100,0,1,22/05/2019 22:46,R_b1q7l1oxOiriB1j,,-36.8506012,174.7679138,test,1,4,3,5,5,2,1,2,4,4,4,4,3,3,3,5
22/05/2019 22:46,22/05/2019 22:46,0,100,0,1,22/05/2019 22:46,R_3wlhAXlrO1xBoj3,,-36.8506012,174.7679138,test,2,,,,,,,,,,,,,,,
22/05/2019 22:46,22/05/2019 22:46,0,100,0,1,22/05/2019 22:46,R_5yuMLZX5LeBqfDn,,-36.8506012,174.7679138,test,1,3,1,2,3,1,1,4,3,3,2,2,2,1,2,2
22/05/2019 22:46,22/05/2019 22:46,0,100,0,1,22/05/2019 22:46,R_50vdSGukwvALYNf,,-36.8506012,174.7679138,test,1,5,5,2,2,2,1,2,3,1,2,3,4,2,3,2
22/05/2019 22:46,22/05/2019 22:46,0,100,0,1,22/05/2019 22:46,R_7ZOyluIOyCcUuY5,,-36.8506012,174.7679138,test,2,,,,,,,,,,,,,,,
22/05/2019 22:46,22/05/2019 22:46,0,100,0,1,22/05/2019 22:46,R_ba9AKKd1ODRXhAN,,-36.8506012,174.7679138,test,1,1,3,4,5,1,1,2,3,1,2,3,4,3,1,4
22/05/2019 22:46,22/05/2019 22:46,0,100,0,1,22/05/2019 22:46,R_d6ehojSyyYJ4ZO5,,-36.8506012,174.7679138,test,1,5,5,5,1,3,1,1,1,4,3,1,1,2,2,5
22/05/2019 22:46,22/05/2019 22:46,0,100,0,1,22/05/2019 22:46,R_06VfbGrGb0Il6IJ,,-36.8506012,174.7679138,test,2,,,,,,,,,,,,,,,
22/05/2019 22:46,22/05/2019 22:46,0,100,0,1,22/05/2019 22:46,R_3dCDN7gD0bAPFyt,,-36.8506012,174.7679138,test,1,4,1,4,4,4,1,3,4,3,3,2,4,2,1,4
22/05/2019 22:46,22/05/2019 22:46,0,100,0,1,22/05/2019 22:46,R_06z7DqltAZt5dt3,,-36.8506012,174.7679138,test,1,1,3,2,1,4,1,1,1,3,1,3,2,1,3,2
22/05/2019 22:46,22/05/2019 22:46,0,100,0,1,22/05/2019 22:46,R_1Ri6EF6HImX2j4x,,-36.8506012,174.7679138,test,2,,,,,,,,,,,,,,,
22/05/2019 22:46,22/05/2019 22:46,0,100,0,1,22/05/2019 22:46,R_1YRMkcH2absV3vv,,-36.8506012,174.7679138,test,1,5,2,1,2,2,1,2,2,4,4,4,3,3,3,1
22/05/2019 22:46,22/05/2019 22:46,0,100,0,1,22/05/2019 22:46,R_6o5FF7ImSwWYPbf,,-36.8506012,174.7679138,test,1,3,5,3,5,4,1,1,2,2,3,1,2,2,3,3
22/05/2019 22:46,22/05/2019 22:46,0,100,0,1,22/05/2019 22:46,R_aYp0HDL46OBXAHj,,-36.8506012,174.7679138,test,1,3,5,4,3,1,1,3,4,1,3,4,4,1,3,4
22/05/2019 22:46,22/05/2019 22:46,0,100,0,1,22/05/2019 22:46,R_b2UvZeydpOe3YPP,,-36.8506012,174.7679138,test,2,,,,,,,,,,,,,,,
22/05/2019 22:46,22/05/2019 22:46,0,100,1,1,22/05/2019 22:46,R_a3qOwlQZ0ysBqDj,,-36.8506012,174.7679138,test,1,3,3,3,3,5,1,4,3,1,1,1,4,1,2,3
22/05/2019 22:46,22/05/2019 22:46,0,100,0,1,22/05/2019 22:46,R_bsymHSQjgBEWxb7,,-36.8506012,174.7679138,test,1,1,1,4,2,1,1,1,3,4,2,2,2,1,1,4
22/05/2019 22:46,22/05/2019 22:46,0,100,0,1,22/05/2019 22:46,R_0vmbYDCAN8pq5ff,,-36.8506012,174.7679138,test,1,4,5,2,1,1,1,2,4,4,4,1,2,2,2,2
22/05/2019 22:46,22/05/2019 22:46,0,100,0,1,22/05/2019 22:46,R_erL74B8XWi3S85L,,-36.8506012,174.7679138,test,1,2,5,4,2,1,1,2,3,3,1,4,1,1,1,4
22/05/2019 22:46,22/05/2019 22:46,0,100,0,1,22/05/2019 22:46,R_ehfBKU7m7LqxekZ,,-36.8506012,174.7679138,test,2,,,,,,,,,,,,,,,
22/05/2019 22:46,22/05/2019 22:46,0,100,0,1,22/05/2019 22:46,R_0DIiFhpJsavNVC5,,-36.8506012,174.7679138,test,2,,,,,,,,,,,,,,,
22/05/2019 22:46,22/05/2019 22:46,0,100,0,1,22/05/2019 22:46,R_5ASPkgr2UoCE0zH,,-36.8506012,174.7679138,test,2,,,,,,,,,,,,,,,
22/05/2019 22:46,22/05/2019 22:46,0,100,0,1,22/05/2019 22:46,R_ewWY6Nb5Ar9bEQR,,-36.8506012,174.7679138,test,2,,,,,,,,,,,,,,,
22/05/2019 22:47,22/05/2019 22:47,0,100,0,1,22/05/2019 22:47,R_9TPktYp5zrpmfZ3,,-36.8506012,174.7679138,test,1,4,2,3,3,4,1,3,3,1,4,1,3,4,1,3
22/05/2019 22:47,22/05/2019 22:47,0,100,0,1,22/05/2019 22:47,R_bfwip6NOro6t3uZ,,-36.8506012,174.7679138,test,2,,,,,,,,,,,,,,,
22/05/2019 22:47,22/05/2019 22:47,0,100,0,1,22/05/2019 22:47,R_2uCzDtzYYxAIC5T,,-36.8506012,174.7679138,test,2,,,,,,,,,,,,,,,
22/05/2019 22:47,22/05/2019 22:47,0,100,0,1,22/05/2019 22:47,R_dh9JG6rXVkwhXtr,,-36.8506012,174.7679138,test,1,3,4,5,4,3,1,1,4,3,3,1,1,3,3,5
22/05/2019 22:47,22/05/2019 22:47,0,100,0,1,22/05/2019 22:47,R_din20wje6TdUCah,,-36.8506012,174.7679138,test,1,2,5,5,3,5,1,2,2,,1,2,2,2,3,5
22/05/2019 22:47,22/05/2019 22:47,0,100,0,1,22/05/2019 22:47,R_8qN0dnPFg9huybj,,-36.8506012,174.7679138,test,1,5,1,4,4,2,1,1,4,4,1,3,1,2,1,4
22/05/2019 22:47,22/05/2019 22:47,0,100,1,1,22/05/2019 22:47,R_41QNVd3jCYLsznn,,-36.8506012,174.7679138,test,2,,,,,,,,,,,,,,,
22/05/2019 22:47,22/05/2019 22:47,0,100,0,1,22/05/2019 22:47,R_8c3WLERzFLr9m0B,,-36.8506012,174.7679138,test,2,,,,,,,,,,,,,,,
22/05/2019 22:47,22/05/2019 22:47,0,100,0,1,22/05/2019 22:47,R_eKVjcOQkRcCvfmd,,-36.8506012,174.7679138,test,2,,,,,,,,,,,,,,,
22/05/2019 22:47,22/05/2019 22:47,0,100,0,1,22/05/2019 22:47,R_5dUFy9t5xKGBfFz,,-36.8506012,174.7679138,test,1,2,3,2,5,3,1,4,1,2,4,4,2,3,1,2
22/05/2019 22:47,22/05/2019 22:47,0,100,0,1,22/05/2019 22:47,R_3HRAIayrYFHV7dX,,-36.8506012,174.7679138,test,2,,,,,,,,,,,,,,,
22/05/2019 22:47,22/05/2019 22:47,0,100,0,1,22/05/2019 22:47,R_bsaq2f37pEVr4Ox,,-36.8506012,174.7679138,test,2,,,,,,,,,,,,,,,
22/05/2019 22:47,22/05/2019 22:47,0,100,0,1,22/05/2019 22:47,R_4Z5UqSahPG6uftj,,-36.8506012,174.7679138,test,1,3,5,5,5,2,1,4,1,1,1,4,1,1,3,5
22/05/2019 22:47,22/05/2019 22:47,0,100,0,1,22/05/2019 22:47,R_5h91rkH4anOGpsF,,-36.8506012,174.7679138,test,1,3,5,3,2,3,1,1,1,3,1,3,1,4,1,3
22/05/2019 22:47,22/05/2019 22:47,0,100,0,1,22/05/2019 22:47,R_4G86s9UrVIaPvgx,,-36.8506012,174.7679138,test,2,,,,,,,,,,,,,,,
22/05/2019 22:47,22/05/2019 22:47,0,100,0,1,22/05/2019 22:47,R_3BCIqeXiKEFamvH,,-36.8506012,174.7679138,test,2,,,,,,,,,,,,,,,
22/05/2019 22:47,22/05/2019 22:47,0,100,0,1,22/05/2019 22:47,R_3vN3tv5NIY6rLXT,,-36.8506012,174.7679138,test,1,5,1,2,5,4,1,2,1,1,2,1,3,3,2,2
22/05/2019 22:47,22/05/2019 22:47,0,100,0,1,22/05/2019 22:47,R_9YXip3d6i9wShV3,,-36.8506012,174.7679138,test,2,,,,,,,,,,,,,,,
22/05/2019 22:47,22/05/2019 22:47,0,100,0,1,22/05/2019 22:47,R_2c0UCwshGxhtRVr,,-36.8506012,174.7679138,test,2,,,,,,,,,,,,,,,
22/05/2019 22:47,22/05/2019 22:47,0,100,0,1,22/05/2019 22:47,R_6x8cnxyDs0E5cEd,,-36.8506012,174.7679138,test,2,,,,,,,,,,,,,,,
22/05/2019 22:47,22/05/2019 22:47,0,100,0,1,22/05/2019 22:47,R_cC72w4aMHePWXqJ,,-36.8506012,174.7679138,test,2,,,,,,,,,,,,,,,
22/05/2019 22:47,22/05/2019 22:47,0,100,0,1,22/05/2019 22:47,R_8CwcMRc4j5UM8PH,,-36.8506012,174.7679138,test,1,5,2,1,3,2,1,3,1,2,2,2,1,3,1,1
22/05/2019 22:47,22/05/2019 22:47,0,100,0,1,22/05/2019 22:47,R_1ZVE35jKWcMCmnb,,-36.8506012,174.7679138,test,1,3,2,2,1,5,1,3,4,4,3,2,2,3,2,2
22/05/2019 22:47,22/05/2019 22:47,0,100,0,1,22/05/2019 22:47,R_9RodvOdmzM8FouF,,-36.8506012,174.7679138,test,2,,,,,,,,,,,,,,,
22/05/2019 22:47,22/05/2019 22:47,0,100,0,1,22/05/2019 22:47,R_3sAceQYdqk3nvud,,-36.8506012,174.7679138,test,1,2,4,3,3,5,1,1,1,2,2,4,1,1,1,3
22/05/2019 22:47,22/05/2019 22:47,0,100,0,1,22/05/2019 22:47,R_0dNbB3Q1cHtzWct,,-36.8506012,174.7679138,test,1,2,3,5,3,3,1,2,3,3,1,1,3,2,3,5
22/05/2019 22:47,22/05/2019 22:47,0,100,0,1,22/05/2019 22:47,R_9GEFNZc2U6T9BIx,,-36.8506012,174.7679138,test,1,1,1,2,4,3,1,4,1,3,2,2,4,1,3,2
22/05/2019 22:47,22/05/2019 22:47,0,100,0,1,22/05/2019 22:47,R_b7xHdgWqonWTJNH,,-36.8506012,174.7679138,test,2,,,,,,,,,,,,,,,
22/05/2019 22:47,22/05/2019 22:47,0,100,0,1,22/05/2019 22:47,R_eqVUWUZXRGdBg1v,,-36.8506012,174.7679138,test,2,,,,,,,,,,,,,,,
22/05/2019 22:47,22/05/2019 22:47,0,100,0,1,22/05/2019 22:47,R_3TLjNDOGFVnXELb,,-36.8506012,174.7679138,test,1,3,3,2,5,2,1,3,1,4,4,2,4,3,2,2
22/05/2019 22:47,22/05/2019 22:47,0,100,0,1,22/05/2019 22:47,R_0CIIEdwk4Y90zd3,,-36.8506012,174.7679138,test,2,,,,,,,,,,,,,,,
22/05/2019 22:47,22/05/2019 22:47,0,100,0,1,22/05/2019 22:47,R_b77rkHZX7WbHqND,,-36.8506012,174.7679138,test,1,3,2,5,3,4,1,2,1,1,4,3,1,3,1,5
22/05/2019 22:47,22/05/2019 22:47,0,100,0,1,22/05/2019 22:47,R_9tofiiwUKdB0Mo5,,-36.8506012,174.7679138,test,2,,,,,,,,,,,,,,,
22/05/2019 22:47,22/05/2019 22:47,0,100,0,1,22/05/2019 22:47,R_3rrAohElIqx2RvL,,-36.8506012,174.7679138,test,2,,,,,,,,,,,,,,,
22/05/2019 22:47,22/05/2019 22:47,0,100,0,1,22/05/2019 22:47,R_9ZGaRMm9LDzdiuh,,-36.8506012,174.7679138,test,2,,,,,,,,,,,,,,,
22/05/2019 22:47,22/05/2019 22:47,0,100,0,1,22/05/2019 22:47,R_3rTtGwlMsX4aHat,,-36.8506012,174.7679138,test,2,,,,,,,,,,,,,,,
22/05/2019 22:47,22/05/2019 22:47,0,100,0,1,22/05/2019 22:47,R_byFzvDuKeYJVg69,,-36.8506012,174.7679138,test,1,3,2,1,4,1,1,1,1,2,2,4,2,1,3,1
22/05/2019 22:47,22/05/2019 22:47,0,100,0,1,22/05/2019 22:47,R_9F7pnaBDeRNTCeh,,-36.8506012,174.7679138,test,2,,,,,,,,,,,,,,,
22/05/2019 22:47,22/05/2019 22:47,0,100,0,1,22/05/2019 22:47,R_01kreSXqNG6NS4t,,-36.8506012,174.7679138,test,1,1,5,4,4,5,1,4,2,2,4,3,1,3,2,4
22/05/2019 22:47,22/05/2019 22:47,0,100,0,1,22/05/2019 22:47,R_79x0vD3FxU9uFw1,,-36.8506012,174.7679138,test,1,2,3,4,2,3,1,2,3,1,1,2,3,3,2,4
22/05/2019 22:47,22/05/2019 22:47,0,100,0,1,22/05/2019 22:47,R_24rfnxId2Lg6omx,,-36.8506012,174.7679138,test,2,,,,,,,,,,,,,,,
22/05/2019 22:47,22/05/2019 22:47,0,100,0,1,22/05/2019 22:47,R_9vPTKGJmDWYgnDT,,-36.8506012,174.7679138,test,2,,,,,,,,,,,,,,,
22/05/2019 22:47,22/05/2019 22:47,0,100,0,1,22/05/2019 22:47,R_b2XT2fF3ROOg3rf,,-36.8506012,174.7679138,test,1,4,5,3,5,5,1,1,1,2,1,4,4,4,2,3
22/05/2019 22:47,22/05/2019 22:47,0,100,0,1,22/05/2019 22:47,R_cRS99pQrLRVd7EN,,-36.8506012,174.7679138,test,1,3,5,2,4,4,1,1,4,3,3,3,2,4,1,2
22/05/2019 22:47,22/05/2019 22:47,0,100,0,1,22/05/2019 22:47,R_6XbXJdPa1EEu4N7,,-36.8506012,174.7679138,test,2,,,,,,,,,,,,,,,
22/05/2019 22:47,22/05/2019 22:47,0,100,0,1,22/05/2019 22:47,R_9o6qOjbzUobnKzr,,-36.8506012,174.7679138,test,1,1,4,5,1,1,1,2,2,2,4,4,2,1,2,5
22/05/2019 22:47,22/05/2019 22:47,0,100,0,1,22/05/2019 22:47,R_00zpPXv2J8R4DvT,,-36.8506012,174.7679138,test,1,5,3,5,4,3,1,1,4,3,4,1,1,,2,5
22/05/2019 22:47,22/05/2019 22:47,0,100,0,1,22/05/2019 22:47,R_0Hgp4HNdWkM79ul,,-36.8506012,174.7679138,test,1,4,5,1,4,5,1,4,1,2,2,1,3,3,2,1
22/05/2019 22:47,22/05/2019 22:47,0,100,0,1,22/05/2019 22:47,R_787mwYn1j1uIcZL,,-36.8506012,174.7679138,test,2,,,,,,,,,,,,,,,
22/05/2019 22:47,22/05/2019 22:47,0,100,0,1,22/05/2019 22:47,R_6tC0sGRC7moHdml,,-36.8506012,174.7679138,test,1,3,5,1,4,1,1,2,1,1,4,4,3,3,2,1
22/05/2019 22:47,22/05/2019 22:47,0,100,0,1,22/05/2019 22:47,R_3yEgQIT69OacQUB,,-36.8506012,174.7679138,test,2,,,,,,,,,,,,,,,
22/05/2019 22:47,22/05/2019 22:47,0,100,0,1,22/05/2019 22:47,R_6LMvXJGaBAud3mJ,,-36.8506012,174.7679138,test,2,,,,,,,,,,,,,,,
22/05/2019 22:47,22/05/2019 22:47,0,100,0,1,22/05/2019 22:47,R_ekXynP2MtJUCs1D,,-36.8506012,174.7679138,test,2,,,,,,,,,,,,,,,
22/05/2019 22:47,22/05/2019 22:47,0,100,0,1,22/05/2019 22:47,R_1NtNEwlASnEiOqx,,-36.8506012,174.7679138,test,1,5,5,5,2,4,1,1,2,1,1,4,1,3,1,5
22/05/2019 22:47,22/05/2019 22:47,0,100,0,1,22/05/2019 22:47,R_8Dtzpd0zzRdk6EJ,,-36.8506012,174.7679138,test,1,4,2,1,4,5,1,4,3,1,4,1,3,3,1,1
22/05/2019 22:47,22/05/2019 22:47,0,100,0,1,22/05/2019 22:47,R_2odumNVfZwhocv3,,-36.8506012,174.7679138,test,1,4,2,1,2,4,1,2,1,3,4,2,4,3,1,1
22/05/2019 22:47,22/05/2019 22:47,0,100,0,1,22/05/2019 22:47,R_88G5kEZcmggzYXz,,-36.8506012,174.7679138,test,2,,,,,,,,,,,,,,,
22/05/2019 22:47,22/05/2019 22:47,0,100,0,1,22/05/2019 22:47,R_b8YkywWQ49CK5Rb,,-36.8506012,174.7679138,test,1,5,1,1,2,2,1,3,3,4,2,1,3,1,1,1
22/05/2019 22:47,22/05/2019 22:47,0,100,0,1,22/05/2019 22:47,R_eQnjRZk01b8xGjH,,-36.8506012,174.7679138,test,1,4,5,2,4,5,1,4,2,1,4,1,2,1,2,2
22/05/2019 22:47,22/05/2019 22:47,0,100,1,1,22/05/2019 22:47,R_1GL0sStVxAIcjbL,,-36.8506012,174.7679138,test,1,3,5,4,1,2,1,4,3,3,1,3,1,1,2,4
22/05/2019 22:47,22/05/2019 22:47,0,100,0,1,22/05/2019 22:47,R_abictDkEejDVtiJ,,-36.8506012,174.7679138,test,2,,,,,,,,,,,,,,,
22/05/2019 22:47,22/05/2019 22:47,0,100,0,1,22/05/2019 22:47,R_dmKU0eGtJEbTKGF,,-36.8506012,174.7679138,test,2,,,,,,,,,,,,,,,
22/05/2019 22:47,22/05/2019 22:47,0,100,0,1,22/05/2019 22:47,R_eLrXGTHsz49a4lv,,-36.8506012,174.7679138,test,2,,,,,,,,,,,,,,,
22/05/2019 22:47,22/05/2019 22:47,0,100,0,1,22/05/2019 22:47,R_3KSXA89UmiKnG2V,,-36.8506012,174.7679138,test,2,,,,,,,,,,,,,,,
22/05/2019 22:47,22/05/2019 22:47,0,100,0,1,22/05/2019 22:47,R_0we6ALkAVsxskqV,,-36.8506012,174.7679138,test,1,1,2,1,4,5,1,4,2,4,4,2,4,3,1,1
22/05/2019 22:47,22/05/2019 22:47,0,100,0,1,22/05/2019 22:47,R_ezY8cO93RekEAdf,,-36.8506012,174.7679138,test,1,5,1,4,3,1,1,1,2,3,1,4,1,3,1,4
22/05/2019 22:47,22/05/2019 22:47,0,100,0,1,22/05/2019 22:47,R_1NfVjJ8xIIo9661,,-36.8506012,174.7679138,test,1,4,5,2,3,1,,,,,,,,,,2
22/05/2019 22:47,22/05/2019 22:47,0,100,0,1,22/05/2019 22:47,R_6wXgU20aheFKrjv,,-36.8506012,174.7679138,test,2,,,,,,,,,,,,,,,
22/05/2019 22:47,22/05/2019 22:47,0,100,0,1,22/05/2019 22:47,R_cMxBX3OsZfsYnpr,,-36.8506012,174.7679138,test,2,,,,,,,,,,,,,,,
22/05/2019 22:47,22/05/2019 22:47,0,100,0,1,22/05/2019 22:47,R_cAMuq1mdvW8DB3L,,-36.8506012,174.7679138,test,2,,,,,,,,,,,,,,,
22/05/2019 22:47,22/05/2019 22:47,0,100,0,1,22/05/2019 22:47,R_eqwUQy3ZjkOEnAh,,-36.8506012,174.7679138,test,2,,,,,,,,,,,,,,,
22/05/2019 22:47,22/05/2019 22:47,0,100,0,1,22/05/2019 22:47,R_0j0AAFIMPvG9PQF,,-36.8506012,174.7679138,test,2,,,,,,,,,,,,,,,
22/05/2019 22:47,22/05/2019 22:47,0,100,0,1,22/05/2019 22:47,R_3vIKDQC7A0JCTEp,,-36.8506012,174.7679138,test,1,2,1,5,4,2,1,1,2,1,2,1,2,4,1,5
22/05/2019 22:47,22/05/2019 22:47,0,100,0,1,22/05/2019 22:47,R_3I4AMPdAJh6unEF,,-36.8506012,174.7679138,test,1,2,1,3,5,3,1,4,1,1,1,4,1,4,3,3
22/05/2019 22:47,22/05/2019 22:47,0,100,1,1,22/05/2019 22:47,R_6LpPYGIS4U7YOqx,,-36.8506012,174.7679138,test,2,,,,,,,,,,,,,,,
22/05/2019 22:47,22/05/2019 22:47,0,100,0,1,22/05/2019 22:47,R_5gUhX6pOOBafk5T,,-36.8506012,174.7679138,test,2,,,,,,,,,,,,,,,
22/05/2019 22:47,22/05/2019 22:47,0,100,0,1,22/05/2019 22:47,R_8dbVrosg3JBw35j,,-36.8506012,174.7679138,test,1,3,5,5,1,1,1,3,2,1,1,3,1,1,2,5
22/05/2019 22:47,22/05/2019 22:47,0,100,0,1,22/05/2019 22:47,R_4PbOnZssBEzu90x,,-36.8506012,174.7679138,test,1,2,2,5,1,2,1,4,3,2,1,2,2,2,1,5
22/05/2019 22:47,22/05/2019 22:47,0,100,0,1,22/05/2019 22:47,R_0Au61eBvmkfUi3j,,-36.8506012,174.7679138,test,1,4,3,1,1,2,1,2,3,2,4,2,1,2,2,1
22/05/2019 22:47,22/05/2019 22:47,0,100,0,1,22/05/2019 22:47,R_bq4aD7K6y2j3CAt,,-36.8506012,174.7679138,test,2,,,,,,,,,,,,,,,
22/05/2019 22:47,22/05/2019 22:47,0,100,0,1,22/05/2019 22:47,R_esQ1wfBahfixArP,,-36.8506012,174.7679138,test,2,,,,,,,,,,,,,,,
22/05/2019 22:47,22/05/2019 22:47,0,100,0,1,22/05/2019 22:47,R_6mSKglxKEGneKON,,-36.8506012,174.7679138,test,1,4,3,4,1,5,1,1,2,1,2,3,4,3,1,4
22/05/2019 22:47,22/05/2019 22:47,0,100,0,1,22/05/2019 22:47,R_23QuouEnRuCUlAp,,-36.8506012,174.7679138,test,2,,,,,,,,,,,,,,,
22/05/2019 22:47,22/05/2019 22:47,0,100,0,1,22/05/2019 22:47,R_6hAMJghcwHxFGrH,,-36.8506012,174.7679138,test,2,,,,,,,,,,,,,,,
22/05/2019 22:47,22/05/2019 22:47,0,100,0,1,22/05/2019 22:47,R_cUSe3DvRTmd1rxj,,-36.8506012,174.7679138,test,1,4,1,4,1,3,1,4,2,4,3,1,1,3,1,4
22/05/2019 22:47,22/05/2019 22:47,0,100,0,1,22/05/2019 22:47,R_ewBiQhE4ytv6zzv,,-36.8506012,174.7679138,test,2,,,,,,,,,,,,,,,
22/05/2019 22:47,22/05/2019 22:47,0,100,0,1,22/05/2019 22:47,R_0MwE3Xydk3DJA0d,,-36.8506012,174.7679138,test,2,,,,,,,,,,,,,,,
22/05/2019 22:47,22/05/2019 22:47,0,100,0,1,22/05/2019 22:47,R_8ICFoQJzZHzG5Lf,,-36.8506012,174.7679138,test,1,4,5,3,3,5,1,4,1,4,4,3,3,3,2,3
22/05/2019 22:47,22/05/2019 22:47,0,100,0,1,22/05/2019 22:47,R_afwBtfGo54GKfn7,,-36.8506012,174.7679138,test,1,5,5,2,2,5,1,1,3,1,4,3,3,4,3,2
22/05/2019 22:47,22/05/2019 22:47,0,100,0,1,22/05/2019 22:47,R_2oanT37voO4Miix,,-36.8506012,174.7679138,test,2,,,,,,,,,,,,,,,
22/05/2019 22:47,22/05/2019 22:47,0,100,0,1,22/05/2019 22:47,R_85J5zcGy9sYkrqJ,,-36.8506012,174.7679138,test,2,,,,,,,,,,,,,,,
22/05/2019 22:47,22/05/2019 22:47,0,100,0,1,22/05/2019 22:47,R_0NcG2uE4uEoDUO1,,-36.8506012,174.7679138,test,2,,,,,,,,,,,,,,,
22/05/2019 22:47,22/05/2019 22:47,0,100,0,1,22/05/2019 22:47,R_9oZdAA3Igy0pKS1,,-36.8506012,174.7679138,test,1,1,2,3,1,5,1,4,2,4,2,2,1,4,3,3
22/05/2019 22:47,22/05/2019 22:47,0,100,0,1,22/05/2019 22:47,R_7PeiFhpgKVzBzV3,,-36.8506012,174.7679138,test,1,3,3,2,4,5,1,3,3,1,2,3,2,2,2,2
22/05/2019 22:47,22/05/2019 22:47,0,100,0,1,22/05/2019 22:47,R_3t3CHb1u7s3RNdj,,-36.8506012,174.7679138,test,1,4,4,2,3,4,1,2,3,1,4,3,3,2,2,2
22/05/2019 22:47,22/05/2019 22:47,0,100,0,1,22/05/2019 22:47,R_8kQeHcrPMSWmuj3,,-36.8506012,174.7679138,test,2,,,,,,,,,,,,,,,
22/05/2019 22:47,22/05/2019 22:47,0,100,0,1,22/05/2019 22:47,R_6XwN1xz5OtRC9h3,,-36.8506012,174.7679138,test,1,2,4,3,1,1,1,3,1,4,2,2,1,2,3,3
22/05/2019 22:47,22/05/2019 22:47,0,100,0,1,22/05/2019 22:47,R_5pO2JtmsAggGp2R,,-36.8506012,174.7679138,test,2,,,,,,,,,,,,,,,
22/05/2019 22:47,22/05/2019 22:47,0,100,0,1,22/05/2019 22:47,R_6ygwhYtw12l1N77,,-36.8506012,174.7679138,test,1,5,2,4,5,1,1,3,2,4,2,4,4,3,3,4
22/05/2019 22:47,22/05/2019 22:47,0,100,0,1,22/05/2019 22:47,R_aY7DLz79h5qdVqZ,,-36.8506012,174.7679138,test,1,4,3,3,5,5,1,3,3,4,1,4,2,2,2,3
22/05/2019 22:47,22/05/2019 22:47,0,100,0,1,22/05/2019 22:47,R_da6ftbbajmChSBv,,-36.8506012,174.7679138,test,1,1,2,5,5,2,1,1,1,3,2,1,3,3,2,5
22/05/2019 22:47,22/05/2019 22:47,0,100,0,1,22/05/2019 22:47,R_8jZnBENuyjLZ36t,,-36.8506012,174.7679138,test,2,,,,,,,,,,,,,,,
22/05/2019 22:47,22/05/2019 22:47,0,100,0,1,22/05/2019 22:47,R_a9wsj1VI4J5PWMB,,-36.8506012,174.7679138,test,2,,,,,,,,,,,,,,,
22/05/2019 22:47,22/05/2019 22:47,0,100,0,1,22/05/2019 22:47,R_9XCwYPSkNKT11R3,,-36.8506012,174.7679138,test,1,1,3,5,5,4,1,4,2,2,2,1,1,1,1,5
22/05/2019 22:47,22/05/2019 22:47,0,100,0,1,22/05/2019 22:47,R_eaqF1gWlfZpdIX3,,-36.8506012,174.7679138,test,2,,,,,,,,,,,,,,,
22/05/2019 22:47,22/05/2019 22:47,0,100,0,1,22/05/2019 22:47,R_bf4ufa9I2sxTzN3,,-36.8506012,174.7679138,test,2,,,,,,,,,,,,,,,
22/05/2019 22:47,22/05/2019 22:47,0,100,0,1,22/05/2019 22:47,R_6StosX1ax5Zpujb,,-36.8506012,174.7679138,test,1,3,3,3,3,1,1,1,4,2,4,4,1,3,1,3
22/05/2019 22:47,22/05/2019 22:47,0,100,0,1,22/05/2019 22:47,R_cA7TmwPdNphi0rr,,-36.8506012,174.7679138,test,1,5,5,2,4,5,1,3,1,2,1,1,4,3,2,2
22/05/2019 22:47,22/05/2019 22:47,0,100,0,1,22/05/2019 22:47,R_2lskLrfnKpZAkol,,-36.8506012,174.7679138,test,2,,,,,,,,,,,,,,,
22/05/2019 22:47,22/05/2019 22:47,0,100,0,1,22/05/2019 22:47,R_aguj0XPxgK1QaLb,,-36.8506012,174.7679138,test,1,5,5,5,2,3,1,1,1,3,3,1,2,1,1,5
22/05/2019 22:47,22/05/2019 22:47,0,100,0,1,22/05/2019 22:47,R_2oBwEMbYPV9XpBj,,-36.8506012,174.7679138,test,1,3,2,2,5,4,1,2,2,2,2,4,4,4,1,2
22/05/2019 22:47,22/05/2019 22:47,0,100,0,1,22/05/2019 22:47,R_bpSOYGTemNJoGrz,,-36.8506012,174.7679138,test,2,,,,,,,,,,,,,,,
22/05/2019 22:47,22/05/2019 22:47,0,100,0,1,22/05/2019 22:47,R_bHgnyJ6A2rkx95j,,-36.8506012,174.7679138,test,2,,,,,,,,,,,,,,,
22/05/2019 22:47,22/05/2019 22:47,0,100,0,1,22/05/2019 22:47,R_5cjyrjkYuGAHVYN,,-36.8506012,174.7679138,test,1,4,1,1,5,1,1,1,3,2,1,1,3,1,3,1
22/05/2019 22:47,22/05/2019 22:47,0,100,0,1,22/05/2019 22:47,R_eqXbnpX8KBVuZ9z,,-36.8506012,174.7679138,test,1,5,3,3,1,5,1,2,4,2,3,3,1,4,3,3
22/05/2019 22:47,22/05/2019 22:47,0,100,0,1,22/05/2019 22:47,R_3I7MGsca5xDCUap,,-36.8506012,174.7679138,test,2,,,,,,,,,,,,,,,
22/05/2019 22:47,22/05/2019 22:47,0,100,0,1,22/05/2019 22:47,R_6EV77h38y3MY4yV,,-36.8506012,174.7679138,test,2,,,,,,,,,,,,,,,
22/05/2019 22:47,22/05/2019 22:47,0,100,0,1,22/05/2019 22:47,R_6Rty7Pb6eWMDWZf,,-36.8506012,174.7679138,test,1,2,2,1,2,1,1,2,3,3,1,4,3,1,3,1
22/05/2019 22:47,22/05/2019 22:47,0,100,0,1,22/05/2019 22:47,R_eCL48oPKJVXKtc9,,-36.8506012,174.7679138,test,1,3,2,1,1,5,1,1,1,3,4,4,1,4,2,1
22/05/2019 22:47,22/05/2019 22:47,0,100,0,1,22/05/2019 22:47,R_42bKbnRyW1xuvnT,,-36.8506012,174.7679138,test,1,4,4,5,3,1,1,1,1,2,2,1,4,3,3,5
22/05/2019 22:47,22/05/2019 22:47,0,100,0,1,22/05/2019 22:47,R_8jMbyn82BWRfjrn,,-36.8506012,174.7679138,test,1,1,2,4,4,3,1,2,2,1,3,2,1,2,1,4
22/05/2019 22:47,22/05/2019 22:47,0,100,0,1,22/05/2019 22:47,R_3WXHLuoUtaf9gAB,,-36.8506012,174.7679138,test,2,,,,,,,,,,,,,,,
22/05/2019 22:47,22/05/2019 22:47,0,100,0,1,22/05/2019 22:47,R_e8ndDpmnh4M1vtb,,-36.8506012,174.7679138,test,1,3,4,3,4,4,1,3,2,4,3,4,2,3,1,3
22/05/2019 22:47,22/05/2019 22:47,0,100,0,1,22/05/2019 22:47,R_8oCr5zlBN3czABT,,-36.8506012,174.7679138,test,1,4,4,4,1,2,1,2,4,1,3,2,3,4,1,4
22/05/2019 22:47,22/05/2019 22:47,0,100,0,1,22/05/2019 22:47,R_b8DciNDQBZkqNwN,,-36.8506012,174.7679138,test,2,,,,,,,,,,,,,,,
22/05/2019 22:47,22/05/2019 22:47,0,100,0,1,22/05/2019 22:47,R_bgfCe7mseeNLEfH,,-36.8506012,174.7679138,test,2,,,,,,,,,,,,,,,
22/05/2019 22:47,22/05/2019 22:47,0,100,0,1,22/05/2019 22:47,R_cJepNTyNOBF9wnb,,-36.8506012,174.7679138,test,1,1,2,1,5,2,1,2,4,1,3,4,3,2,3,1
22/05/2019 22:47,22/05/2019 22:47,0,100,0,1,22/05/2019 22:47,R_d73gLn7e7nJo1jT,,-36.8506012,174.7679138,test,1,2,5,3,4,5,1,2,2,2,4,2,2,1,3,3
22/05/2019 22:47,22/05/2019 22:47,0,100,0,1,22/05/2019 22:47,R_41SUSTNZYA5lJTn,,-36.8506012,174.7679138,test,1,2,4,2,2,5,1,3,4,2,2,1,2,2,1,2
22/05/2019 22:47,22/05/2019 22:47,0,100,0,1,22/05/2019 22:47,R_1B13tVlSDIes7CR,,-36.8506012,174.7679138,test,1,2,4,2,1,4,1,1,3,4,3,4,4,2,1,2
22/05/2019 22:47,22/05/2019 22:47,0,100,0,1,22/05/2019 22:47,R_7VAe9YUzzVGTlml,,-36.8506012,174.7679138,test,1,1,4,2,3,4,1,4,3,3,4,4,2,1,1,2
22/05/2019 22:47,22/05/2019 22:47,0,100,0,1,22/05/2019 22:47,R_bBZZVQOBOC83Dz7,,-36.8506012,174.7679138,test,2,,,,,,,,,,,,,,,
22/05/2019 22:47,22/05/2019 22:47,0,100,0,1,22/05/2019 22:47,R_eVv1VjtsUuyPz1P,,-36.8506012,174.7679138,test,1,4,1,1,3,1,1,2,2,3,2,4,4,1,2,1
22/05/2019 22:47,22/05/2019 22:47,0,100,0,1,22/05/2019 22:47,R_02EATTc04aMHRY1,,-36.8506012,174.7679138,test,2,,,,,,,,,,,,,,,
22/05/2019 22:47,22/05/2019 22:47,0,100,0,1,22/05/2019 22:47,R_cZ6uwnHp4n9FRoV,,-36.8506012,174.7679138,test,2,,,,,,,,,,,,,,,
22/05/2019 22:47,22/05/2019 22:47,0,100,0,1,22/05/2019 22:47,R_4GA1y2aNDUSK6z3,,-36.8506012,174.7679138,test,2,,,,,,,,,,,,,,,
22/05/2019 22:47,22/05/2019 22:47,0,100,0,1,22/05/2019 22:47,R_6o2jdrsff5yGKLX,,-36.8506012,174.7679138,test,2,,,,,,,,,,,,,,,
22/05/2019 22:47,22/05/2019 22:47,0,100,0,1,22/05/2019 22:47,R_5jMT1WrZUsdK7lP,,-36.8506012,174.7679138,test,2,,,,,,,,,,,,,,,
22/05/2019 22:47,22/05/2019 22:47,0,100,0,1,22/05/2019 22:47,R_0ANfCNxqabqtLpz,,-36.8506012,174.7679138,test,2,,,,,,,,,,,,,,,
22/05/2019 22:47,22/05/2019 22:47,0,100,0,1,22/05/2019 22:47,R_eWp8v329bfZWQDz,,-36.8506012,174.7679138,test,2,,,,,,,,,,,,,,,
22/05/2019 22:47,22/05/2019 22:47,0,100,0,1,22/05/2019 22:47,R_9SUAMD5zOi7jb49,,-36.8506012,174.7679138,test,1,4,2,4,4,1,1,4,4,3,2,3,2,3,3,4
22/05/2019 22:47,22/05/2019 22:47,0,100,0,1,22/05/2019 22:47,R_5dpFQH0TO9mCoXb,,-36.8506012,174.7679138,test,2,,,,,,,,,,,,,,,
22/05/2019 22:47,22/05/2019 22:47,0,100,0,1,22/05/2019 22:47,R_0O5qOKyiJmJ7o5n,,-36.8506012,174.7679138,test,1,2,3,5,5,2,1,3,3,1,2,3,4,4,1,5
22/05/2019 22:47,22/05/2019 22:47,0,100,0,1,22/05/2019 22:47,R_eWM6UOIoohfy43X,,-36.8506012,174.7679138,test,1,3,5,5,5,3,1,1,4,1,2,3,2,3,3,5
22/05/2019 22:47,22/05/2019 22:47,0,100,0,1,22/05/2019 22:47,R_2tcq9X1ozl3qbtj,,-36.8506012,174.7679138,test,2,,,,,,,,,,,,,,,
22/05/2019 22:47,22/05/2019 22:47,0,100,0,1,22/05/2019 22:47,R_2lfuAtDseL4wmPP,,-36.8506012,174.7679138,test,2,,,,,,,,,,,,,,,
22/05/2019 22:47,22/05/2019 22:47,0,100,0,1,22/05/2019 22:47,R_6KGhGHi37K03gtn,,-36.8506012,174.7679138,test,2,,,,,,,,,,,,,,,
22/05/2019 22:47,22/05/2019 22:47,0,100,0,1,22/05/2019 22:47,R_6LMMOFkMGvwMGcl,,-36.8506012,174.7679138,test,2,,,,,,,,,,,,,,,
22/05/2019 22:47,22/05/2019 22:47,0,100,0,1,22/05/2019 22:47,R_86V2OIIGcuTyljT,,-36.8506012,174.7679138,test,1,5,2,5,5,5,1,2,4,3,4,1,2,2,2,5
22/05/2019 22:47,22/05/2019 22:47,0,100,0,1,22/05/2019 22:47,R_d6BMETyBsUf8buB,,-36.8506012,174.7679138,test,2,,,,,,,,,,,,,,,
22/05/2019 22:47,22/05/2019 22:47,0,100,0,1,22/05/2019 22:47,R_0DhEntQBdJcD4Bn,,-36.8506012,174.7679138,test,2,,,,,,,,,,,,,,,
22/05/2019 22:47,22/05/2019 22:47,0,100,0,1,22/05/2019 22:47,R_0kQz9J72X99XEjP,,-36.8506012,174.7679138,test,1,3,1,5,3,4,1,1,1,2,3,4,2,3,2,5
22/05/2019 22:47,22/05/2019 22:47,0,100,0,1,22/05/2019 22:47,R_5BEbP1O2wcjYGdD,,-36.8506012,174.7679138,test,1,2,5,5,5,3,1,3,2,3,3,3,1,4,1,5
22/05/2019 22:47,22/05/2019 22:47,0,100,0,1,22/05/2019 22:47,R_b9hOnbYn0A8JMot,,-36.8506012,174.7679138,test,2,,,,,,,,,,,,,,,
22/05/2019 22:47,22/05/2019 22:47,0,100,0,1,22/05/2019 22:47,R_40X7cxmN4gi8mBn,,-36.8506012,174.7679138,test,2,,,,,,,,,,,,,,,
22/05/2019 22:47,22/05/2019 22:47,0,100,0,1,22/05/2019 22:47,R_eFnm5JjgSze3AX3,,-36.8506012,174.7679138,test,2,,,,,,,,,,,,,,,
22/05/2019 22:47,22/05/2019 22:47,0,100,0,1,22/05/2019 22:47,R_dmd7mScbMfogWpL,,-36.8506012,174.7679138,test,1,2,3,2,4,3,1,1,4,4,4,2,2,1,3,2
22/05/2019 22:47,22/05/2019 22:47,0,100,0,1,22/05/2019 22:47,R_4V1K4TrnSlu8t5r,,-36.8506012,174.7679138,test,1,4,1,5,2,5,1,4,1,2,3,1,4,4,3,5
22/05/2019 22:47,22/05/2019 22:47,0,100,0,1,22/05/2019 22:47,R_eKja2HMstd5s3zL,,-36.8506012,174.7679138,test,1,4,3,3,2,1,1,4,1,1,1,1,4,4,3,3
22/05/2019 22:47,22/05/2019 22:47,0,100,0,1,22/05/2019 22:47,R_9S3g35609y1zCpD,,-36.8506012,174.7679138,test,2,,,,,,,,,,,,,,,
22/05/2019 22:47,22/05/2019 22:47,0,100,0,1,22/05/2019 22:47,R_8dJnh8gOO1B4TKR,,-36.8506012,174.7679138,test,2,,,,,,,,,,,,,,,
22/05/2019 22:47,22/05/2019 22:47,0,100,0,1,22/05/2019 22:47,R_3fRvoHYdXGNJaZL,,-36.8506012,174.7679138,test,1,1,1,4,2,3,1,1,3,2,3,2,3,1,3,4
22/05/2019 22:47,22/05/2019 22:47,0,100,0,1,22/05/2019 22:47,R_39GQLqkalSlk8ip,,-36.8506012,174.7679138,test,1,4,1,2,1,1,1,4,4,2,3,4,2,2,2,2
22/05/2019 22:47,22/05/2019 22:47,0,100,0,1,22/05/2019 22:47,R_eKcp6HU9vTp5svb,,-36.8506012,174.7679138,test,1,4,4,5,1,1,1,4,1,2,4,2,2,4,1,5
22/05/2019 22:47,22/05/2019 22:47,0,100,0,1,22/05/2019 22:47,R_8dnVtr3fbGYYUBf,,-36.8506012,174.7679138,test,2,,,,,,,,,,,,,,,
22/05/2019 22:47,22/05/2019 22:47,0,100,0,1,22/05/2019 22:47,R_56CSnGQ4XifyJYF,,-36.8506012,174.7679138,test,2,,,,,,,,,,,,,,,
22/05/2019 22:47,22/05/2019 22:47,0,100,0,1,22/05/2019 22:47,R_0D38E7b2izVDkJn,,-36.8506012,174.7679138,test,1,5,4,3,3,3,1,2,4,3,1,4,3,2,3,3
22/05/2019 22:47,22/05/2019 22:47,0,100,0,1,22/05/2019 22:47,R_e3vUrmvdA0vzpgF,,-36.8506012,174.7679138,test,1,4,2,2,2,3,1,2,2,1,1,2,1,1,1,2
22/05/2019 22:47,22/05/2019 22:47,0,100,0,1,22/05/2019 22:47,R_bI5vPIFjNZnaSzP,,-36.8506012,174.7679138,test,2,,,,,,,,,,,,,,,
22/05/2019 22:47,22/05/2019 22:47,0,100,0,1,22/05/2019 22:47,R_6PvYFhvni71jrfv,,-36.8506012,174.7679138,test,1,5,3,2,2,3,1,2,4,4,2,1,4,1,1,2
22/05/2019 22:47,22/05/2019 22:47,0,100,0,1,22/05/2019 22:47,R_5jUbmxjznHFIWZ7,,-36.8506012,174.7679138,test,2,,,,,,,,,,,,,,,
22/05/2019 22:47,22/05/2019 22:47,0,100,0,1,22/05/2019 22:47,R_dh8ROCW5UHLs5mJ,,-36.8506012,174.7679138,test,1,1,3,1,4,4,1,2,4,2,1,3,3,3,3,1
22/05/2019 22:47,22/05/2019 22:47,0,100,0,1,22/05/2019 22:47,R_3VJSuvZTeS1pHr7,,-36.8506012,174.7679138,test,1,4,1,1,5,1,1,2,2,2,3,4,2,2,3,1
22/05/2019 22:47,22/05/2019 22:47,0,100,0,1,22/05/2019 22:47,R_3dS75bl7sBFVR5j,,-36.8506012,174.7679138,test,2,,,,,,,,,,,,,,,
22/05/2019 22:47,22/05/2019 22:47,0,100,0,1,22/05/2019 22:47,R_7OPeCuPoj8gRE4l,,-36.8506012,174.7679138,test,2,,,,,,,,,,,,,,,
22/05/2019 22:47,22/05/2019 22:47,0,100,0,1,22/05/2019 22:47,R_3I4ASEdqjzPgMZL,,-36.8506012,174.7679138,test,2,,,,,,,,,,,,,,,
22/05/2019 22:47,22/05/2019 22:47,0,100,0,1,22/05/2019 22:47,R_295cuBBUiBjMS5D,,-36.8506012,174.7679138,test,1,2,1,4,4,1,1,3,1,3,4,1,4,3,1,4
22/05/2019 22:47,22/05/2019 22:47,0,100,0,1,22/05/2019 22:47,R_2nmKFO0HeZsxAgZ,,-36.8506012,174.7679138,test,2,,,,,,,,,,,,,,,
22/05/2019 22:47,22/05/2019 22:47,0,100,0,1,22/05/2019 22:47,R_0NUvnmHRp942fnD,,-36.8506012,174.7679138,test,2,,,,,,,,,,,,,,,
22/05/2019 22:47,22/05/2019 22:47,0,100,0,1,22/05/2019 22:47,R_cZqtc91zRfVuIzr,,-36.8506012,174.7679138,test,1,5,4,3,2,5,1,3,4,4,4,2,4,3,2,3
22/05/2019 22:47,22/05/2019 22:47,0,100,0,1,22/05/2019 22:47,R_aXFPL8k6L7yDoj3,,-36.8506012,174.7679138,test,1,4,4,2,2,5,1,4,1,3,4,4,4,2,3,2
22/05/2019 22:47,22/05/2019 22:47,0,100,0,1,22/05/2019 22:47,R_3sb82xFVRiB4mA5,,-36.8506012,174.7679138,test,2,,,,,,,,,,,,,,,
22/05/2019 22:47,22/05/2019 22:47,0,100,0,1,22/05/2019 22:47,R_9MH22kxGUcrbR0p,,-36.8506012,174.7679138,test,2,,,,,,,,,,,,,,,
22/05/2019 22:47,22/05/2019 22:47,0,100,0,1,22/05/2019 22:47,R_5uTs8XOU65EMuqx,,-36.8506012,174.7679138,test,2,,,,,,,,,,,,,,,
22/05/2019 22:47,22/05/2019 22:47,0,100,0,1,22/05/2019 22:47,R_5zD8SKbqju6IF4F,,-36.8506012,174.7679138,test,1,5,3,3,5,4,1,2,3,1,3,2,4,3,1,3
22/05/2019 22:47,22/05/2019 22:47,0,100,0,1,22/05/2019 22:47,R_38KhGahJmd1x3Ct,,-36.8506012,174.7679138,test,1,1,3,3,4,4,1,1,2,2,1,1,3,1,1,3
22/05/2019 22:47,22/05/2019 22:47,0,100,0,1,22/05/2019 22:47,R_41Pe3DN9PCluM4J,,-36.8506012,174.7679138,test,2,,,,,,,,,,,,,,,
22/05/2019 22:47,22/05/2019 22:47,0,100,0,1,22/05/2019 22:47,R_6eQHDcBtlU2Ps8t,,-36.8506012,174.7679138,test,1,2,1,1,3,2,1,3,1,4,4,4,1,4,2,1
22/05/2019 22:47,22/05/2019 22:47,0,100,0,1,22/05/2019 22:47,R_b1v8MbtCSZ733al,,-36.8506012,174.7679138,test,2,,,,,,,,,,,,,,,
22/05/2019 22:47,22/05/2019 22:47,0,100,0,1,22/05/2019 22:47,R_0MKCbVNMuWHfPXT,,-36.8506012,174.7679138,test,1,5,1,2,2,1,1,1,1,1,1,3,4,3,1,2
22/05/2019 22:47,22/05/2019 22:47,0,100,0,1,22/05/2019 22:47,R_aWd5kX7O0G3lzwN,,-36.8506012,174.7679138,test,2,,,,,,,,,,,,,,,
22/05/2019 22:47,22/05/2019 22:47,0,100,0,1,22/05/2019 22:47,R_cH1A1Ygxor7nV09,,-36.8506012,174.7679138,test,2,,,,,,,,,,,,,,,
22/05/2019 22:47,22/05/2019 22:47,0,100,0,1,22/05/2019 22:47,R_0uBdzh1BremacVT,,-36.8506012,174.7679138,test,1,1,5,5,3,5,1,4,3,1,4,4,2,4,1,5
22/05/2019 22:47,22/05/2019 22:47,0,100,0,1,22/05/2019 22:47,R_eJXaZUQVbEtWQbb,,-36.8506012,174.7679138,test,2,,,,,,,,,,,,,,,
22/05/2019 22:47,22/05/2019 22:47,0,100,0,1,22/05/2019 22:47,R_9KADRSvbteokFdr,,-36.8506012,174.7679138,test,1,3,4,5,2,1,1,4,1,1,2,2,2,3,1,5
22/05/2019 22:47,22/05/2019 22:47,0,100,0,1,22/05/2019 22:47,R_6J9jt7L3nrwjyNn,,-36.8506012,174.7679138,test,2,,,,,,,,,,,,,,,
22/05/2019 22:47,22/05/2019 22:47,0,100,0,1,22/05/2019 22:47,R_86M4Pc54g7KbK9T,,-36.8506012,174.7679138,test,1,5,2,1,1,4,1,4,3,1,2,1,3,1,2,1
22/05/2019 22:47,22/05/2019 22:47,0,100,0,1,22/05/2019 22:47,R_8qYsBAw1WevMZ8N,,-36.8506012,174.7679138,test,1,3,4,5,2,1,1,3,1,4,1,3,2,1,2,5
22/05/2019 22:47,22/05/2019 22:47,0,100,0,1,22/05/2019 22:47,R_aXEbw9HB0MgPXwN,,-36.8506012,174.7679138,test,2,,,,,,,,,,,,,,,
22/05/2019 22:47,22/05/2019 22:47,0,100,0,1,22/05/2019 22:47,R_7WK9JOBDWQLn8ot,,-36.8506012,174.7679138,test,1,5,4,5,2,3,1,1,2,3,3,3,4,2,2,5
22/05/2019 22:47,22/05/2019 22:47,0,100,0,1,22/05/2019 22:47,R_aVNPA37eBZc2oxn,,-36.8506012,174.7679138,test,2,,,,,,,,,,,,,,,
22/05/2019 22:47,22/05/2019 22:47,0,100,0,1,22/05/2019 22:47,R_diekV21O4o6wtox,,-36.8506012,174.7679138,test,1,1,4,1,5,2,1,1,4,2,1,2,2,2,2,1
22/05/2019 22:47,22/05/2019 22:47,0,100,0,1,22/05/2019 22:47,R_0pkAa5WDgORStmt,,-36.8506012,174.7679138,test,1,2,3,4,1,4,1,1,2,3,4,2,1,3,1,4
22/05/2019 22:47,22/05/2019 22:47,0,100,0,1,22/05/2019 22:47,R_26jS6k7xLCsuop7,,-36.8506012,174.7679138,test,1,1,3,2,2,3,1,1,4,4,3,4,4,1,2,2
22/05/2019 22:47,22/05/2019 22:47,0,100,0,1,22/05/2019 22:47,R_bNHTj45wWGqeQiF,,-36.8506012,174.7679138,test,1,4,4,3,4,5,1,1,3,2,2,1,1,2,3,3
22/05/2019 22:47,22/05/2019 22:47,0,100,0,1,22/05/2019 22:47,R_26q61XvNnJRwySV,,-36.8506012,174.7679138,test,2,,,,,,,,,,,,,,,
22/05/2019 22:47,22/05/2019 22:47,0,100,0,1,22/05/2019 22:47,R_bmf6dgmGiuuhVjL,,-36.8506012,174.7679138,test,2,,,,,,,,,,,,,,,
22/05/2019 22:47,22/05/2019 22:47,0,100,0,1,22/05/2019 22:47,R_4GaSoI20bWD1DGl,,-36.8506012,174.7679138,test,1,1,3,1,5,2,1,2,4,1,1,4,4,3,1,1
22/05/2019 22:47,22/05/2019 22:47,0,100,0,1,22/05/2019 22:47,R_b1ShBWAAhzePO7z,,-36.8506012,174.7679138,test,2,,,,,,,,,,,,,,,
22/05/2019 22:47,22/05/2019 22:47,0,100,0,1,22/05/2019 22:47,R_40M26gInPBbck6h,,-36.8506012,174.7679138,test,2,,,,,,,,,,,,,,,
22/05/2019 22:47,22/05/2019 22:47,0,100,0,1,22/05/2019 22:47,R_3Pl6EyPT8JJdHfL,,-36.8506012,174.7679138,test,1,2,3,4,4,4,1,2,1,1,4,1,4,4,1,4
22/05/2019 22:47,22/05/2019 22:47,0,100,0,1,22/05/2019 22:47,R_6D4AtadYJcXlhQx,,-36.8506012,174.7679138,test,1,3,2,3,1,2,1,2,2,1,3,3,3,1,2,3
22/05/2019 22:47,22/05/2019 22:47,0,100,0,1,22/05/2019 22:47,R_0J61BOiiomrdg8d,,-36.8506012,174.7679138,test,2,,,,,,,,,,,,,,,
22/05/2019 22:47,22/05/2019 22:47,0,100,0,1,22/05/2019 22:47,R_eqZO73ynaIxfnlX,,-36.8506012,174.7679138,test,2,,,,,,,,,,,,,,,
22/05/2019 22:47,22/05/2019 22:47,0,100,0,1,22/05/2019 22:47,R_cZuS89wFAHAWRKZ,,-36.8506012,174.7679138,test,2,,,,,,,,,,,,,,,
22/05/2019 22:47,22/05/2019 22:47,0,100,0,1,22/05/2019 22:47,R_8oWSo8U9XLdUsbX,,-36.8506012,174.7679138,test,1,3,3,4,2,1,1,4,1,4,4,1,4,2,2,4
22/05/2019 22:47,22/05/2019 22:47,0,100,0,1,22/05/2019 22:47,R_796NgiW5OpCNmvP,,-36.8506012,174.7679138,test,1,2,5,3,4,4,1,3,1,1,4,2,4,3,2,3
22/05/2019 22:47,22/05/2019 22:47,0,100,0,1,22/05/2019 22:47,R_5hHgwmaIm7sNUFv,,-36.8506012,174.7679138,test,2,,,,,,,,,,,,,,,
22/05/2019 22:47,22/05/2019 22:47,0,100,0,1,22/05/2019 22:47,R_eyz329ZD1Tktcqh,,-36.8506012,174.7679138,test,1,5,2,4,2,3,1,4,2,3,3,1,2,2,3,4
22/05/2019 22:47,22/05/2019 22:47,0,100,0,1,22/05/2019 22:47,R_8cbeDZk6ox6YGQB,,-36.8506012,174.7679138,test,1,5,4,4,1,5,1,3,4,3,4,3,2,4,2,4
22/05/2019 22:47,22/05/2019 22:47,0,100,0,1,22/05/2019 22:47,R_9LDwzXGFotHxdRP,,-36.8506012,174.7679138,test,1,1,3,5,4,5,1,2,4,1,1,3,1,3,1,5
22/05/2019 22:47,22/05/2019 22:47,0,100,0,1,22/05/2019 22:47,R_1AdultyLUvm7j2R,,-36.8506012,174.7679138,test,2,,,,,,,,,,,,,,,
22/05/2019 22:47,22/05/2019 22:47,0,100,0,1,22/05/2019 22:47,R_3BLhxCqqVEkfVbL,,-36.8506012,174.7679138,test,2,,,,,,,,,,,,,,,
22/05/2019 22:47,22/05/2019 22:47,0,100,0,1,22/05/2019 22:47,R_9pI0uRsbOtMn4Fv,,-36.8506012,174.7679138,test,2,,,,,,,,,,,,,,,
22/05/2019 22:47,22/05/2019 22:47,0,100,0,1,22/05/2019 22:47,R_20nu7OiP8y755pr,,-36.8506012,174.7679138,test,1,1,3,5,4,4,1,4,1,4,1,4,4,2,3,5
22/05/2019 22:47,22/05/2019 22:47,0,100,0,1,22/05/2019 22:47,R_5bCOODcXXCzMeCF,,-36.8506012,174.7679138,test,1,2,5,5,1,1,1,2,1,4,2,3,1,4,1,5
22/05/2019 22:47,22/05/2019 22:47,0,100,0,1,22/05/2019 22:47,R_aaBJxB2SLNFFfrn,,-36.8506012,174.7679138,test,1,3,5,3,2,2,1,4,2,4,3,4,2,3,2,3
22/05/2019 22:47,22/05/2019 22:47,0,100,0,1,22/05/2019 22:47,R_ctGptbjwHujRjc9,,-36.8506012,174.7679138,test,2,,,,,,,,,,,,,,,
22/05/2019 22:47,22/05/2019 22:47,0,100,0,1,22/05/2019 22:47,R_0kp31OosZSuG7iZ,,-36.8506012,174.7679138,test,2,,,,,,,,,,,,,,,
22/05/2019 22:47,22/05/2019 22:47,0,100,0,1,22/05/2019 22:47,R_eQeWntuQ9jRWb0V,,-36.8506012,174.7679138,test,1,5,4,5,1,5,1,2,2,1,2,1,4,2,3,5
22/05/2019 22:47,22/05/2019 22:47,0,100,0,1,22/05/2019 22:47,R_6PDPlUZtmnn6Fbn,,-36.8506012,174.7679138,test,1,5,1,1,1,4,1,4,4,2,3,1,4,3,3,1
22/05/2019 22:47,22/05/2019 22:47,0,100,0,1,22/05/2019 22:47,R_d0wqceoaUDgyTbL,,-36.8506012,174.7679138,test,2,,,,,,,,,,,,,,,
22/05/2019 22:47,22/05/2019 22:47,0,100,0,1,22/05/2019 22:47,R_0dNyhLk3uVbKcPr,,-36.8506012,174.7679138,test,2,,,,,,,,,,,,,,,
22/05/2019 22:47,22/05/2019 22:47,0,100,0,1,22/05/2019 22:47,R_0p698ZNuQgm6ZQ9,,-36.8506012,174.7679138,test,1,3,2,5,1,4,1,1,1,3,4,2,1,4,2,5
22/05/2019 22:47,22/05/2019 22:47,0,100,0,1,22/05/2019 22:47,R_eQXV8VP8mJrz9Sl,,-36.8506012,174.7679138,test,2,,,,,,,,,,,,,,,
22/05/2019 22:47,22/05/2019 22:47,0,100,0,1,22/05/2019 22:47,R_41kDjkoiTvDJVoF,,-36.8506012,174.7679138,test,1,1,2,5,3,5,1,1,2,1,1,1,2,3,2,5
22/05/2019 22:47,22/05/2019 22:47,0,100,0,1,22/05/2019 22:47,R_554eoT09It7lJL7,,-36.8506012,174.7679138,test,2,,,,,,,,,,,,,,,
22/05/2019 22:47,22/05/2019 22:47,0,100,0,1,22/05/2019 22:47,R_9MRpUuH6ESgEhz7,,-36.8506012,174.7679138,test,2,,,,,,,,,,,,,,,
22/05/2019 22:47,22/05/2019 22:47,0,100,0,1,22/05/2019 22:47,R_bDTV0VS7U712gZv,,-36.8506012,174.7679138,test,1,1,4,1,1,5,1,3,4,2,2,1,3,4,2,1
